price	bedrooms	bathrooms	floors	condition	yr_built	yr_renovated
0.02426544693387084	0.3333333333333333	0.2222222222222222	0.2	0.0	0.5288461538461539	0.35714285714285715
0.049616249321652844	0.4444444444444444	0.2962962962962963	0.2	0.0	0.4326923076923077	0.7142857142857143
0.019997674238313046	0.3333333333333333	0.25925925925925924	0.0	0.0	0.8365384615384616	0.0
0.021319482130397704	0.3333333333333333	0.2222222222222222	0.0	0.0	0.7980769230769231	0.6428571428571429
0.05232963795643073	0.5555555555555556	0.37037037037037035	0.4	0.0	0.7596153846153846	1.0
0.03875881851306303	0.4444444444444444	0.37037037037037035	0.4	0.0	1.0	0.21428571428571427
0.050391503217303665	0.4444444444444444	0.2962962962962963	0.2	0.0	0.4326923076923077	0.7142857142857143
0.031010155826033024	0.4444444444444444	0.37037037037037035	0.2	0.0	0.7596153846153846	1.0
0.03410729513915808	0.3333333333333333	0.37037037037037035	0.4	0.0	0.8653846153846154	0.6428571428571429
0.04263896426079541	0.3333333333333333	0.25925925925925924	0.2	0.0	0.7596153846153846	1.0
0.06008217691293899	0.2222222222222222	0.37037037037037035	0.0	0.0	1.0	0.21428571428571427
0.025734553066129158	0.4444444444444444	0.37037037037037035	0.4	0.0	0.8653846153846154	0.6428571428571429
0.043414218156446235	0.3333333333333333	0.37037037037037035	0.4	0.0	0.8365384615384616	0.0
0.048608419257306766	0.4444444444444444	0.3333333333333333	0.0	0.0	0.7019230769230769	0.9285714285714286
0.06705946197379642	0.4444444444444444	0.4444444444444444	0.4	0.0	0.9423076923076923	0.42857142857142855
0.06101248158771998	0.3333333333333333	0.25925925925925924	0.0	0.0	0.5865384615384616	0.2857142857142857
0.02542832777734708	0.4444444444444444	0.37037037037037035	0.4	0.0	0.9423076923076923	0.42857142857142855
0.038840220172106366	0.4444444444444444	0.14814814814814814	0.0	0.0	0.6057692307692307	0.5714285714285714
0.031010155826033024	0.2222222222222222	0.14814814814814814	0.0	0.0	0.5288461538461539	0.35714285714285715
0.050941933483215754	0.4444444444444444	0.14814814814814814	0.0	0.0	0.23076923076923078	0.7857142857142857
0.030913249089076673	0.3333333333333333	0.37037037037037035	0.4	0.0	0.5192307692307693	0.35714285714285715
0.01628033180866734	0.5555555555555556	0.2962962962962963	0.0	0.0	0.5384615384615384	0.07142857142857142
0.03780021707109078	0.4444444444444444	0.25925925925925924	0.0	0.0	0.7403846153846154	0.2857142857142857
0.03488642530428716	0.2222222222222222	0.2962962962962963	0.2	0.0	0.11538461538461539	0.35714285714285715
0.03635940770602372	0.2222222222222222	0.14814814814814814	0.0	0.0	0.23076923076923078	0.7857142857142857
0.046980386076440034	0.4444444444444444	0.37037037037037035	0.4	0.0	0.8365384615384616	0.0
0.02418792154430576	0.4444444444444444	0.2962962962962963	0.0	0.0	0.4807692307692308	0.9285714285714286
0.01697806031475308	0.2222222222222222	0.14814814814814814	0.0	0.0	0.5	0.5714285714285714
0.01938134739127064	0.3333333333333333	0.14814814814814814	0.0	0.0	0.5192307692307693	0.35714285714285715
0.0315528335529886	0.4444444444444444	0.3333333333333333	0.0	0.0	0.5576923076923077	0.2857142857142857
0.021086905961702457	0.3333333333333333	0.37037037037037035	0.4	0.0	0.9423076923076923	0.42857142857142855
0.028490580665167842	0.3333333333333333	0.2222222222222222	0.0	0.0	0.5865384615384616	0.2857142857142857
0.01356694317388945	0.3333333333333333	0.14814814814814814	0.0	0.0	0.5192307692307693	0.35714285714285715
0.03566167919993798	0.2222222222222222	0.3333333333333333	0.4	0.0	1.0	0.21428571428571427
0.04748430110861307	0.4444444444444444	0.2962962962962963	0.0	0.0	0.47115384615384615	0.9285714285714286
0.016900534925187997	0.3333333333333333	0.25925925925925924	0.0	0.0	0.7596153846153846	1.0
0.03132025738429336	0.4444444444444444	0.25925925925925924	0.0	0.0	0.5576923076923077	0.2857142857142857
0.01058221567563377	0.3333333333333333	0.2222222222222222	0.0	0.0	0.5961538461538461	0.21428571428571427
0.044577098999922474	0.3333333333333333	0.25925925925925924	0.0	0.0	0.5192307692307693	0.35714285714285715
0.028296767191255137	0.3333333333333333	0.2222222222222222	0.0	0.0	0.4807692307692308	0.35714285714285715
0.05909760446546244	0.4444444444444444	0.37037037037037035	0.4	0.0	0.8365384615384616	0.0
0.05621567563377006	0.4444444444444444	0.37037037037037035	0.4	0.0	0.9423076923076923	0.42857142857142855
0.026746259399953485	0.3333333333333333	0.14814814814814814	0.0	0.0	0.5384615384615384	0.07142857142857142
0.04132103263818901	0.5555555555555556	0.4074074074074074	0.2	0.0	0.25	0.21428571428571427
0.019768974339096055	0.5555555555555556	0.3333333333333333	0.0	0.0	0.5961538461538461	0.21428571428571427
0.03837506783471587	0.3333333333333333	0.14814814814814814	0.0	0.0	0.41346153846153844	0.14285714285714285
0.019303822001705558	0.3333333333333333	0.14814814814814814	0.0	0.0	0.5	0.5714285714285714
0.04147608341731917	0.3333333333333333	0.25925925925925924	0.2	0.0	0.8461538461538461	0.0
0.0271338863477789	0.3333333333333333	0.14814814814814814	0.0	0.0	0.7788461538461539	0.9285714285714286
0.01783083959996899	0.3333333333333333	0.37037037037037035	0.4	0.0	0.8461538461538461	0.0
0.036824560043414216	0.2222222222222222	0.14814814814814814	0.0	0.0	0.20192307692307693	0.0
0.03256066361733468	0.3333333333333333	0.3333333333333333	0.4	0.0	0.7403846153846154	0.2857142857142857
0.044577098999922474	0.4444444444444444	0.2962962962962963	0.0	0.0	0.5288461538461539	0.35714285714285715
0.07287386619117761	0.4444444444444444	0.3333333333333333	0.0	0.0	0.6057692307692307	0.5714285714285714
0.047916892782386235	0.3333333333333333	0.37037037037037035	0.4	0.0	0.8461538461538461	0.0
0.007752538956508256	0.2222222222222222	0.14814814814814814	0.0	0.0	0.5384615384615384	0.07142857142857142
0.04108845646949376	0.3333333333333333	0.14814814814814814	0.0	0.0	0.09615384615384616	0.42857142857142855
0.016276455539189084	0.3333333333333333	0.2222222222222222	0.0	0.0	0.5769230769230769	0.8571428571428571
0.0175595007364912	0.3333333333333333	0.25925925925925924	0.0	0.0	0.8461538461538461	0.0
0.02907202108690596	0.3333333333333333	0.37037037037037035	0.4	0.0	0.8653846153846154	0.6428571428571429
0.014342197069540274	0.4444444444444444	0.14814814814814814	0.0	0.0	0.6634615384615384	0.7142857142857143
0.020001550507791302	0.4444444444444444	0.25925925925925924	0.0	0.0	0.7403846153846154	0.2857142857142857
0.04132103263818901	0.3333333333333333	0.14814814814814814	0.0	0.0	0.6442307692307693	0.7857142857142857
0.010388402201721063	0.2222222222222222	0.2222222222222222	0.4	0.0	0.21153846153846154	0.21428571428571427
0.015892704860841926	0.2222222222222222	0.14814814814814814	0.0	0.0	0.5288461538461539	0.35714285714285715
0.020156601286921465	0.4444444444444444	0.2222222222222222	0.0	0.0	0.5961538461538461	0.21428571428571427
0.022869989921699356	0.2222222222222222	0.25925925925925924	0.0	0.0	0.7019230769230769	0.9285714285714286
0.02526552445926041	0.4444444444444444	0.37037037037037035	0.4	0.0	1.0	0.21428571428571427
0.03992557562601752	0.2222222222222222	0.14814814814814814	0.0	0.0	0.25	0.21428571428571427
0.0604698038607644	0.4444444444444444	0.25925925925925924	0.0	0.0	0.4807692307692308	0.35714285714285715
0.04170865958601442	0.4444444444444444	0.25925925925925924	0.0	0.0	0.6442307692307693	0.7857142857142857
0.04147608341731917	0.4444444444444444	0.37037037037037035	0.4	0.0	1.0	0.21428571428571427
0.03488642530428716	0.3333333333333333	0.2962962962962963	0.0	0.0	0.5192307692307693	0.35714285714285715
0.02309868982091635	0.3333333333333333	0.2962962962962963	0.0	0.0	0.6442307692307693	0.7142857142857143
0.03290952787037755	0.3333333333333333	0.25925925925925924	0.0	0.0	0.7596153846153846	1.0
0.07209861229552679	0.3333333333333333	0.48148148148148145	0.4	0.0	0.11538461538461539	0.0
0.027056360958213815	0.3333333333333333	0.25925925925925924	0.0	0.0	0.8461538461538461	0.0
0.031203969299945733	0.4444444444444444	0.37037037037037035	0.4	0.0	0.8461538461538461	0.0
0.0151174509651911	0.2222222222222222	0.14814814814814814	0.0	0.0	0.4807692307692308	0.35714285714285715
0.021319482130397704	0.3333333333333333	0.2222222222222222	0.0	0.0	0.21153846153846154	0.9285714285714286
0.02504070082952167	0.4444444444444444	0.4074074074074074	0.0	0.0	0.7403846153846154	0.2857142857142857
0.044964725947747884	0.4444444444444444	0.37037037037037035	0.4	0.0	0.9423076923076923	0.42857142857142855
0.027909140243429723	0.2222222222222222	0.14814814814814814	0.0	0.0	0.5384615384615384	0.07142857142857142
0.018214590278316147	0.3333333333333333	0.14814814814814814	0.0	0.0	0.7403846153846154	0.2857142857142857
0.019458872780835725	0.3333333333333333	0.25925925925925924	0.0	0.0	0.5961538461538461	0.21428571428571427
0.06062485463989457	0.4444444444444444	0.37037037037037035	0.4	0.0	0.7596153846153846	1.0
0.06597410651988526	0.3333333333333333	0.37037037037037035	0.4	0.0	0.8365384615384616	0.0
0.019575160865183346	0.3333333333333333	0.14814814814814814	0.0	0.0	0.4519230769230769	0.8571428571428571
0.016435382587797503	0.2222222222222222	0.2222222222222222	0.4	0.0	1.0	0.21428571428571427
0.06783471586944724	0.4444444444444444	0.2962962962962963	0.0	0.0	0.20192307692307693	0.5
0.02054422823474688	0.4444444444444444	0.14814814814814814	0.0	0.0	0.5961538461538461	0.21428571428571427
0.037987440886890454	0.2222222222222222	0.37037037037037035	0.4	0.0	1.0	0.21428571428571427
0.019768974339096055	0.2222222222222222	0.14814814814814814	0.0	0.0	0.09615384615384616	0.42857142857142855
0.04186371036514459	0.4444444444444444	0.3333333333333333	0.0	0.0	0.8653846153846154	0.6428571428571429
0.028878207612993256	0.5555555555555556	0.4444444444444444	0.0	0.0	1.0	0.21428571428571427
0.03178540972168385	0.3333333333333333	0.3333333333333333	0.4	0.0	0.8365384615384616	0.0
0.02597100550430266	0.3333333333333333	0.37037037037037035	0.4	0.0	1.0	0.21428571428571427
0.01628033180866734	0.3333333333333333	0.37037037037037035	0.4	0.0	1.0	0.21428571428571427
0.05969454996511357	0.3333333333333333	0.25925925925925924	0.0	0.0	0.5192307692307693	1.0
0.05822156756337701	0.4444444444444444	0.37037037037037035	0.4	0.0	1.0	0.21428571428571427
0.03566167919993798	0.3333333333333333	0.3333333333333333	0.0	0.0	0.7403846153846154	0.2857142857142857
0.04868594464687185	0.4444444444444444	0.2962962962962963	0.0	0.0	0.5576923076923077	0.2857142857142857
0.018993720443445227	0.5555555555555556	0.25925925925925924	0.0	0.0	0.5961538461538461	0.21428571428571427
0.01744321265214358	0.3333333333333333	0.2222222222222222	0.0	0.0	0.6442307692307693	0.7857142857142857
0.036824560043414216	0.4444444444444444	0.37037037037037035	0.0	0.0	1.0	0.21428571428571427
0.012016435382587797	0.2222222222222222	0.14814814814814814	0.0	0.0	0.41346153846153844	0.14285714285714285
0.0271338863477789	0.3333333333333333	0.37037037037037035	0.4	0.0	0.7403846153846154	0.2857142857142857
0.055585704318164196	0.3333333333333333	0.2222222222222222	0.0	0.0	0.5384615384615384	0.07142857142857142
0.01744321265214358	0.3333333333333333	0.14814814814814814	0.0	0.0	0.4519230769230769	0.8571428571428571
0.029847274982556786	0.3333333333333333	0.2962962962962963	0.0	0.0	0.41346153846153844	0.14285714285714285
0.006977285060857431	0.2222222222222222	0.14814814814814814	0.0	0.0	0.7019230769230769	0.9285714285714286
0.04806574153035119	0.3333333333333333	0.14814814814814814	0.2	0.0	0.08653846153846154	0.2857142857142857
0.044964725947747884	0.5555555555555556	0.2962962962962963	0.0	0.0	0.6153846153846154	0.0
0.043414218156446235	0.3333333333333333	0.14814814814814814	0.4	0.0	0.09615384615384616	0.42857142857142855
0.03139778277385844	0.4444444444444444	0.25925925925925924	0.0	0.0	0.5384615384615384	0.07142857142857142
0.0320179858903791	0.4444444444444444	0.14814814814814814	0.0	0.0	0.2403846153846154	0.14285714285714285
0.022296302038917745	0.3333333333333333	0.37037037037037035	0.4	0.0	0.8653846153846154	0.6428571428571429
0.01744321265214358	0.3333333333333333	0.14814814814814814	0.0	0.0	0.6057692307692307	0.5714285714285714
0.036049306147763395	0.3333333333333333	0.2222222222222222	0.0	0.0	0.4807692307692308	0.35714285714285715
0.02054422823474688	0.3333333333333333	0.2962962962962963	0.0	0.0	0.9423076923076923	0.42857142857142855
0.026164818978215366	0.5555555555555556	0.2962962962962963	0.0	0.0	0.5384615384615384	0.07142857142857142
0.031405535312814946	0.2222222222222222	0.14814814814814814	0.0	0.0	0.4519230769230769	0.8571428571428571
0.0560508566555547	0.4444444444444444	0.37037037037037035	0.4	0.0	1.0	0.21428571428571427
0.04209628653383983	0.3333333333333333	0.37037037037037035	0.0	0.0	0.5961538461538461	1.0
0.04070082952166835	0.3333333333333333	0.25925925925925924	0.2	0.0	0.23076923076923078	0.7857142857142857
0.030581828048685946	0.2222222222222222	0.14814814814814814	0.0	0.0	0.5288461538461539	0.35714285714285715
0.07209861229552679	0.3333333333333333	0.37037037037037035	0.0	0.0	0.5192307692307693	0.35714285714285715
0.024032870765175594	0.3333333333333333	0.14814814814814814	0.0	0.0	0.5	0.5714285714285714
0.054810450422513375	0.4444444444444444	0.48148148148148145	0.4	0.0	1.0	0.21428571428571427
0.07403674703465385	0.5555555555555556	0.3333333333333333	0.4	0.0	0.6923076923076923	0.14285714285714285
0.01666795875649275	0.2222222222222222	0.14814814814814814	0.0	0.0	0.6442307692307693	0.7857142857142857
0.04593379331731142	0.4444444444444444	0.37037037037037035	0.0	0.0	0.7980769230769231	0.6428571428571429
0.019563532056748587	0.3333333333333333	0.2962962962962963	0.0	0.0	0.7596153846153846	1.0
0.028684394139080548	0.4444444444444444	0.37037037037037035	0.4	0.0	0.9423076923076923	0.42857142857142855
0.06512132723466936	0.4444444444444444	0.25925925925925924	0.0	0.0	0.4519230769230769	0.8571428571428571
0.014729824017365688	0.3333333333333333	0.14814814814814814	0.0	0.0	0.6442307692307693	0.7857142857142857
0.027130010078300643	0.3333333333333333	0.14814814814814814	0.0	0.0	0.5480769230769231	0.0
0.04752306380339561	0.4444444444444444	0.2962962962962963	0.2	0.0	0.08653846153846154	0.2857142857142857
0.030645786495077137	0.3333333333333333	0.2222222222222222	0.0	0.0	0.5288461538461539	0.35714285714285715
0.01744321265214358	0.3333333333333333	0.2962962962962963	0.0	0.0	0.7596153846153846	1.0
0.0158694472439724	0.4444444444444444	0.2962962962962963	0.0	0.0	0.6442307692307693	0.7857142857142857
0.05767888983642143	0.4444444444444444	0.4444444444444444	0.6	0.0	0.3942307692307692	0.35714285714285715
0.024226684239088303	0.2222222222222222	0.14814814814814814	0.0	0.0	0.18269230769230768	0.07142857142857142
0.026591208620823318	0.4444444444444444	0.25925925925925924	0.0	0.0	0.5769230769230769	0.8571428571428571
0.044577098999922474	0.4444444444444444	0.37037037037037035	0.0	0.0	0.7596153846153846	1.0
0.036049306147763395	0.3333333333333333	0.25925925925925924	0.0	0.0	0.23076923076923078	0.9285714285714286
0.020931855182572293	0.3333333333333333	0.14814814814814814	0.0	0.0	0.6634615384615384	0.7142857142857143
0.06226064035971781	0.4444444444444444	0.37037037037037035	0.4	0.0	1.0	0.21428571428571427
0.03496395069385223	0.3333333333333333	0.25925925925925924	0.2	0.0	0.25	0.21428571428571427
0.018598340956663306	0.4444444444444444	0.3333333333333333	0.0	0.0	0.7596153846153846	1.0
0.03457632374602682	0.4444444444444444	0.3333333333333333	0.0	0.0	0.7403846153846154	0.2857142857142857
0.021319482130397704	0.3333333333333333	0.37037037037037035	0.4	0.0	0.8365384615384616	0.0
0.028684394139080548	0.4444444444444444	0.2222222222222222	0.0	0.0	0.6923076923076923	0.14285714285714285
0.026746259399953485	0.4444444444444444	0.14814814814814814	0.2	0.0	0.5961538461538461	0.21428571428571427
0.05619040235677184	0.3333333333333333	0.2962962962962963	0.0	0.0	0.25	0.07142857142857142
0.031010155826033024	0.3333333333333333	0.37037037037037035	0.4	0.0	0.7019230769230769	0.9285714285714286
0.013528180479106908	0.2222222222222222	0.14814814814814814	0.0	0.0	0.5288461538461539	0.35714285714285715
0.01845104271648965	0.3333333333333333	0.2962962962962963	0.4	0.0	1.0	0.21428571428571427
0.04271648965036049	0.2222222222222222	0.2962962962962963	0.0	0.0	0.8653846153846154	0.6428571428571429
0.050003876269478255	0.4444444444444444	0.37037037037037035	0.4	0.0	0.7980769230769231	0.6428571428571429
0.027327699821691604	0.3333333333333333	0.3333333333333333	0.0	0.0	0.8365384615384616	0.0
0.024808124660826422	0.3333333333333333	0.37037037037037035	0.4	0.0	0.8653846153846154	0.6428571428571429
0.043414218156446235	0.4444444444444444	0.14814814814814814	0.2	0.0	0.4326923076923077	0.7142857142857143
0.03573920458950306	0.2222222222222222	0.14814814814814814	0.0	0.0	0.25	0.21428571428571427
0.06279556554771688	0.4444444444444444	0.37037037037037035	0.4	0.0	0.8461538461538461	0.0
0.06860996976509807	0.4444444444444444	0.4074074074074074	0.2	0.0	0.20192307692307693	0.5
0.04667028451817971	0.5555555555555556	0.25925925925925924	0.2	0.0	0.7019230769230769	0.9285714285714286
0.037599813939065044	0.3333333333333333	0.14814814814814814	0.2	0.0	0.25	0.21428571428571427
0.03597178075819831	0.3333333333333333	0.25925925925925924	0.0	0.0	0.6442307692307693	0.7857142857142857
0.037599813939065044	0.2222222222222222	0.3333333333333333	0.8	0.0	1.0	0.21428571428571427
0.023645243817350184	0.3333333333333333	0.25925925925925924	0.0	0.0	0.7788461538461539	0.9285714285714286
0.047368013024265444	0.4444444444444444	0.37037037037037035	0.4	0.0	0.9423076923076923	0.42857142857142855
0.023800294596480347	0.3333333333333333	0.14814814814814814	0.0	0.0	0.5769230769230769	0.8571428571428571
0.03430498488254904	0.3333333333333333	0.25925925925925924	0.0	0.0	0.6442307692307693	0.7857142857142857
0.0284518179703853	0.2222222222222222	0.14814814814814814	0.0	0.0	0.4326923076923077	0.7142857142857143
0.010620978370416312	0.3333333333333333	0.14814814814814814	0.0	0.0	0.5192307692307693	0.35714285714285715
0.056593534382510274	0.4444444444444444	0.37037037037037035	0.4	0.0	1.0	0.21428571428571427
0.04031320257384293	0.4444444444444444	0.5185185185185185	0.4	0.0	0.40384615384615385	1.0
0.014923637491278393	0.2222222222222222	0.14814814814814814	0.0	0.0	0.25	0.21428571428571427
0.044577098999922474	0.4444444444444444	0.25925925925925924	0.0	0.0	0.25	0.21428571428571427
0.033025815954725174	0.4444444444444444	0.37037037037037035	0.4	0.0	1.0	0.21428571428571427
0.04070082952166835	0.3333333333333333	0.2222222222222222	0.4	0.0	0.3942307692307692	0.6428571428571429
0.0542677726955578	0.4444444444444444	0.14814814814814814	0.2	0.0	0.20192307692307693	0.0
0.01705170943483991	0.3333333333333333	0.2222222222222222	0.0	0.0	0.6442307692307693	0.7857142857142857
0.01628033180866734	0.4444444444444444	0.25925925925925924	0.0	0.0	0.4807692307692308	0.35714285714285715
0.04806574153035119	0.3333333333333333	0.37037037037037035	0.4	0.0	1.0	0.21428571428571427
0.029149546476471045	0.2222222222222222	0.14814814814814814	0.0	0.0	0.4519230769230769	0.8571428571428571
0.04636018295991937	0.5555555555555556	0.3333333333333333	0.4	0.0	0.7403846153846154	0.2857142857142857
0.0393441352042794	0.3333333333333333	0.2962962962962963	0.0	0.0	0.6057692307692307	0.5714285714285714
0.02557562601752074	0.3333333333333333	0.37037037037037035	0.4	0.0	1.0	0.21428571428571427
0.025505853166912163	0.4444444444444444	0.37037037037037035	0.0	0.0	0.4519230769230769	0.7857142857142857
0.06318319249554229	0.4444444444444444	0.4074074074074074	0.4	0.0	0.9423076923076923	0.42857142857142855
0.01542755252345143	0.4444444444444444	0.2962962962962963	0.4	0.0	0.4807692307692308	0.35714285714285715
0.0151174509651911	0.3333333333333333	0.25925925925925924	0.0	0.0	0.7788461538461539	0.9285714285714286
0.03973176215210481	0.3333333333333333	0.37037037037037035	0.4	0.0	0.8653846153846154	0.6428571428571429
0.04070082952166835	0.3333333333333333	0.4074074074074074	0.4	0.0	0.9423076923076923	0.42857142857142855
0.029886037677339328	0.3333333333333333	0.2962962962962963	0.0	0.0	0.5865384615384616	0.2857142857142857
0.028548724707341655	0.3333333333333333	0.37037037037037035	0.4	0.0	0.8461538461538461	0.0
0.019373594852314133	0.2222222222222222	0.14814814814814814	0.0	0.0	0.4519230769230769	0.8571428571428571
0.020931855182572293	0.3333333333333333	0.25925925925925924	0.0	0.0	0.5480769230769231	0.0
0.025583378556477247	0.3333333333333333	0.14814814814814814	0.0	0.0	0.6634615384615384	0.7142857142857143
0.05357004418947205	0.4444444444444444	0.4074074074074074	0.0	0.0	0.6923076923076923	0.14285714285714285
0.019904643770834948	0.3333333333333333	0.37037037037037035	0.0	0.0	0.6634615384615384	0.7142857142857143
0.0755872548259555	0.5555555555555556	0.5925925925925926	0.4	0.0	0.7403846153846154	0.2857142857142857
0.016900534925187997	0.3333333333333333	0.14814814814814814	0.0	0.0	0.5384615384615384	0.07142857142857142
0.04566245445383363	0.4444444444444444	0.37037037037037035	0.4	0.0	0.9423076923076923	0.42857142857142855
0.019768974339096055	0.3333333333333333	0.2222222222222222	0.0	0.0	0.7019230769230769	0.9285714285714286
0.05184510427164896	0.4444444444444444	0.37037037037037035	0.0	0.0	0.6153846153846154	0.0
0.03504147608341732	0.4444444444444444	0.2962962962962963	0.0	0.0	0.4326923076923077	0.7142857142857143
0.04186371036514459	0.3333333333333333	0.25925925925925924	0.0	0.0	0.7980769230769231	0.6428571428571429
0.07519962787813009	0.4444444444444444	0.48148148148148145	0.0	0.0	0.6057692307692307	0.9285714285714286
0.05767888983642143	0.4444444444444444	0.4074074074074074	0.4	0.0	0.9423076923076923	0.42857142857142855
0.04310411659818591	0.3333333333333333	0.3333333333333333	0.4	0.0	0.9423076923076923	0.42857142857142855
0.013954570121714862	0.3333333333333333	0.14814814814814814	0.0	0.0	0.6634615384615384	1.0
0.05806651678424684	0.4444444444444444	0.37037037037037035	0.4	0.0	0.9423076923076923	0.42857142857142855
0.027599038685169393	0.2222222222222222	0.25925925925925924	0.0	0.0	0.7403846153846154	0.2857142857142857
0.0453523528955733	0.4444444444444444	0.25925925925925924	0.0	0.0	0.4807692307692308	0.35714285714285715
0.0333359175129855	0.4444444444444444	0.4444444444444444	0.4	0.0	0.8653846153846154	0.6428571428571429
0.046879603070005424	0.4444444444444444	0.4074074074074074	0.0	0.0	0.7788461538461539	0.9285714285714286
0.03899527095123653	0.2222222222222222	0.25925925925925924	0.0	0.0	0.46153846153846156	0.21428571428571427
0.05093418094425924	0.4444444444444444	0.25925925925925924	0.0	0.0	0.5192307692307693	0.35714285714285715
0.011628808434762385	0.2222222222222222	0.14814814814814814	0.0	0.0	0.5192307692307693	0.35714285714285715
0.019730211644313513	0.4444444444444444	0.4074074074074074	0.4	0.0	0.9423076923076923	0.42857142857142855
0.018993720443445227	0.4444444444444444	0.2962962962962963	0.0	0.0	0.6442307692307693	0.7857142857142857
0.013954570121714862	0.2222222222222222	0.14814814814814814	0.0	0.0	0.21153846153846154	0.5714285714285714
0.07054810450422513	0.4444444444444444	0.48148148148148145	0.2	0.0	0.6057692307692307	0.0
0.013954570121714862	0.4444444444444444	0.2222222222222222	0.0	0.0	0.5961538461538461	0.21428571428571427
0.049282890146522984	0.4444444444444444	0.37037037037037035	0.0	0.0	0.7403846153846154	0.2857142857142857
0.01302426544693387	0.2222222222222222	0.37037037037037035	0.4	0.0	0.9423076923076923	0.42857142857142855
0.03085510504690286	0.2222222222222222	0.14814814814814814	0.2	0.0	0.7980769230769231	0.6428571428571429
0.07287386619117761	0.4444444444444444	0.4074074074074074	0.2	0.0	0.11538461538461539	0.0
0.027385843863865417	0.2222222222222222	0.14814814814814814	0.4	0.0	0.7596153846153846	1.0
0.025195751608651833	0.3333333333333333	0.14814814814814814	0.0	0.0	0.5	0.5714285714285714
0.07597488177378091	0.4444444444444444	0.4444444444444444	0.0	0.0	0.6442307692307693	0.7857142857142857
0.018218466547794403	0.4444444444444444	0.37037037037037035	0.0	0.0	0.6730769230769231	1.0
0.037057136212109466	0.3333333333333333	0.14814814814814814	0.2	0.0	0.09615384615384616	1.0
0.011551283045197301	0.3333333333333333	0.14814814814814814	0.0	0.0	0.5288461538461539	0.35714285714285715
0.036082254438328555	0.4444444444444444	0.4074074074074074	0.0	0.0	0.6442307692307693	0.7857142857142857
0.04612760679122412	0.2222222222222222	0.2222222222222222	0.0	0.0	0.23076923076923078	0.7857142857142857
0.021319482130397704	0.4444444444444444	0.2222222222222222	0.4	0.0	0.7596153846153846	1.0
0.03178540972168385	0.3333333333333333	0.2962962962962963	0.2	0.0	0.7980769230769231	0.6428571428571429
0.020001550507791302	0.3333333333333333	0.25925925925925924	0.0	0.0	0.8461538461538461	0.0
0.07326149313900303	0.4444444444444444	0.2962962962962963	0.0	0.0	0.5	0.5714285714285714
0.01027211411737344	0.3333333333333333	0.14814814814814814	0.0	0.0	0.6442307692307693	0.7857142857142857
0.036212109465850066	0.3333333333333333	0.25925925925925924	0.0	0.0	0.7019230769230769	0.9285714285714286
0.02325761686952477	0.2222222222222222	0.14814814814814814	0.0	0.0	0.4519230769230769	0.8571428571428571
0.018916195053880147	0.4444444444444444	0.14814814814814814	0.0	0.0	0.41346153846153844	0.14285714285714285
0.03449879835646174	0.3333333333333333	0.2962962962962963	0.0	0.0	0.8365384615384616	0.0
0.006977285060857431	0.2222222222222222	0.14814814814814814	0.0	0.0	0.41346153846153844	0.14285714285714285
0.038607644003411115	0.2222222222222222	0.2962962962962963	0.0	0.0	0.23076923076923078	0.6428571428571429
0.046980386076440034	0.3333333333333333	0.14814814814814814	0.0	0.0	0.4519230769230769	0.8571428571428571
0.03713466160167455	0.3333333333333333	0.14814814814814814	0.2	0.0	0.23076923076923078	0.7857142857142857
0.05232963795643073	0.3333333333333333	0.4444444444444444	0.0	0.0	0.7788461538461539	0.9285714285714286
0.021397007519962787	0.3333333333333333	0.14814814814814814	0.0	0.0	0.5769230769230769	0.8571428571428571
0.013373129699976742	0.3333333333333333	0.14814814814814814	0.0	0.0	0.6923076923076923	0.14285714285714285
0.02418792154430576	0.3333333333333333	0.2222222222222222	0.8	0.0	1.0	0.21428571428571427
0.027909140243429723	0.3333333333333333	0.14814814814814814	0.2	0.0	0.5192307692307693	0.35714285714285715
0.027909140243429723	0.3333333333333333	0.14814814814814814	0.0	0.0	0.5192307692307693	0.35714285714285715
0.0533374680207768	0.4444444444444444	0.4444444444444444	0.2	0.0	0.125	1.0
0.02907202108690596	0.3333333333333333	0.25925925925925924	0.0	0.0	0.7019230769230769	0.9285714285714286
0.025312039692999458	0.3333333333333333	0.14814814814814814	0.4	0.0	0.6730769230769231	1.0
0.056981161330335685	0.5555555555555556	0.4074074074074074	0.4	0.0	1.0	0.21428571428571427
0.06202031165206605	0.4444444444444444	0.37037037037037035	0.0	0.0	0.5	0.9285714285714286
0.030932630436467944	0.4444444444444444	0.37037037037037035	0.4	0.0	0.7596153846153846	1.0
0.056748585161640434	0.3333333333333333	0.37037037037037035	0.4	0.0	1.0	0.21428571428571427
0.03217303666950926	0.3333333333333333	0.3333333333333333	0.0	0.0	0.6153846153846154	0.0
0.04418947205209706	0.3333333333333333	0.25925925925925924	0.0	0.0	0.7403846153846154	0.2857142857142857
0.021955190324831383	0.4444444444444444	0.37037037037037035	0.4	0.0	1.0	0.21428571428571427
0.03217303666950926	0.5555555555555556	0.2222222222222222	0.0	0.0	0.5865384615384616	0.2857142857142857
0.019768974339096055	0.3333333333333333	0.14814814814814814	0.0	0.0	0.5288461538461539	0.35714285714285715
0.0604698038607644	0.3333333333333333	0.4444444444444444	0.2	0.0	0.2403846153846154	0.42857142857142855
0.04089464299558105	0.3333333333333333	0.25925925925925924	0.0	0.0	0.7403846153846154	0.2857142857142857
0.04550740367470347	0.3333333333333333	0.3333333333333333	0.4	0.0	0.7596153846153846	1.0
0.021707109078223118	0.3333333333333333	0.14814814814814814	0.0	0.0	0.41346153846153844	0.14285714285714285
0.03876269478254128	0.3333333333333333	0.3333333333333333	0.4	0.0	0.8461538461538461	0.0
0.02131560586091945	0.3333333333333333	0.25925925925925924	0.0	0.0	0.8365384615384616	0.0
0.03532056748585161	0.3333333333333333	0.37037037037037035	0.4	0.0	0.9423076923076923	0.42857142857142855
0.04147608341731917	0.4444444444444444	0.37037037037037035	0.4	0.0	0.20192307692307693	0.9285714285714286
0.03310334134429026	0.2222222222222222	0.14814814814814814	0.0	0.0	0.09615384615384616	0.42857142857142855
0.03721218699123963	0.3333333333333333	0.14814814814814814	0.0	0.0	0.41346153846153844	0.14285714285714285
0.022714939142569193	0.4444444444444444	0.37037037037037035	0.0	0.0	0.7019230769230769	0.9285714285714286
0.028296767191255137	0.3333333333333333	0.2222222222222222	0.0	0.0	0.6057692307692307	0.5714285714285714
0.046437708349484456	0.4444444444444444	0.4074074074074074	0.0	0.0	0.16346153846153846	1.0
0.06512132723466936	0.4444444444444444	0.4074074074074074	0.4	0.0	0.057692307692307696	1.0
0.03488642530428716	0.3333333333333333	0.14814814814814814	0.0	0.0	0.16346153846153846	0.6428571428571429
0.011628808434762385	0.3333333333333333	0.14814814814814814	0.2	0.0	0.09615384615384616	0.42857142857142855
0.051554384060779904	0.3333333333333333	0.37037037037037035	0.4	0.0	0.8365384615384616	0.0
0.04651523373904954	0.4444444444444444	0.2962962962962963	0.0	0.0	0.5769230769230769	0.8571428571428571
0.03256066361733468	0.3333333333333333	0.25925925925925924	0.0	0.0	0.7403846153846154	0.2857142857142857
0.04651523373904954	0.3333333333333333	0.25925925925925924	0.0	0.0	0.6442307692307693	0.7857142857142857
0.013063028141716412	0.3333333333333333	0.14814814814814814	0.0	0.0	0.6634615384615384	0.7142857142857143
0.02147453290952787	0.4444444444444444	0.14814814814814814	0.0	0.0	0.6153846153846154	0.0
0.0542677726955578	0.2222222222222222	0.25925925925925924	0.2	0.0	0.2403846153846154	0.0
0.02209473602604853	0.2222222222222222	0.14814814814814814	0.0	0.0	0.5192307692307693	0.35714285714285715
0.01876114427474998	0.3333333333333333	0.25925925925925924	0.0	0.0	0.7596153846153846	1.0
0.03992557562601752	0.4444444444444444	0.37037037037037035	0.4	0.0	1.0	0.21428571428571427
0.0333359175129855	0.3333333333333333	0.5555555555555556	0.0	0.0	0.41346153846153844	0.5
0.02752151329560431	0.3333333333333333	0.37037037037037035	0.0	0.0	0.8653846153846154	0.6428571428571429
0.020738041708659585	0.3333333333333333	0.25925925925925924	0.0	0.0	0.5480769230769231	0.0
0.030157376540817116	0.2222222222222222	0.14814814814814814	0.0	0.0	0.5	0.5714285714285714
0.01783083959996899	0.2222222222222222	0.14814814814814814	0.0	0.0	0.5576923076923077	0.2857142857142857
0.011241181486936971	0.3333333333333333	0.14814814814814814	0.0	0.0	0.5192307692307693	0.35714285714285715
0.03139778277385844	0.3333333333333333	0.2962962962962963	0.0	0.0	0.8461538461538461	0.0
0.031010155826033024	0.4444444444444444	0.4074074074074074	0.0	0.0	0.8365384615384616	0.0
0.02573842933560741	0.3333333333333333	0.3333333333333333	0.0	0.0	0.7403846153846154	0.2857142857142857
0.03139778277385844	0.5555555555555556	0.25925925925925924	0.0	0.0	0.6057692307692307	0.5714285714285714
0.031010155826033024	0.4444444444444444	0.2962962962962963	0.0	0.0	0.5288461538461539	0.35714285714285715
0.03899527095123653	0.3333333333333333	0.2962962962962963	0.4	0.0	0.8461538461538461	0.0
0.066671835025971	0.3333333333333333	0.3333333333333333	0.4	0.0	0.7980769230769231	0.6428571428571429
0.027126133808822388	0.3333333333333333	0.37037037037037035	0.4	0.0	0.8653846153846154	0.6428571428571429
0.023253740600046514	0.3333333333333333	0.14814814814814814	0.0	0.0	0.5288461538461539	0.35714285714285715
0.03217303666950926	0.2222222222222222	0.25925925925925924	0.0	0.0	1.0	0.21428571428571427
0.05814404217381192	0.3333333333333333	0.25925925925925924	0.0	0.0	0.4519230769230769	0.8571428571428571
0.0542677726955578	0.4444444444444444	0.37037037037037035	0.2	0.0	0.25961538461538464	1.0
0.049771300100783004	0.3333333333333333	0.37037037037037035	0.0	0.0	0.8365384615384616	0.0
0.05077913016512908	0.4444444444444444	0.3333333333333333	0.0	0.0	0.7980769230769231	0.6428571428571429
0.03550662842080782	0.5555555555555556	0.37037037037037035	0.0	0.0	0.5480769230769231	0.0
0.02442049771300101	0.3333333333333333	0.2962962962962963	0.0	0.0	0.7788461538461539	0.9285714285714286
0.04108845646949376	0.3333333333333333	0.37037037037037035	0.4	0.0	0.8461538461538461	0.0
0.057368788278161095	0.5555555555555556	0.5555555555555556	0.4	0.0	0.3557692307692308	0.7142857142857143
0.021707109078223118	0.2222222222222222	0.14814814814814814	0.0	0.0	0.18269230769230768	0.07142857142857142
0.03310334134429026	0.5555555555555556	0.4074074074074074	0.0	0.0	0.7019230769230769	0.9285714285714286
0.036824560043414216	0.2222222222222222	0.2962962962962963	0.4	0.0	0.7980769230769231	0.6428571428571429
0.04177750213194821	0.5555555555555556	0.4074074074074074	0.4	0.0	0.8365384615384616	0.0
0.02247848670439569	0.3333333333333333	0.37037037037037035	0.4	0.0	1.0	0.21428571428571427
0.018838669664315064	0.3333333333333333	0.25925925925925924	0.0	0.0	0.5769230769230769	0.8571428571428571
0.02442049771300101	0.3333333333333333	0.14814814814814814	0.0	0.0	0.5	0.5714285714285714
0.03132025738429336	0.3333333333333333	0.2222222222222222	0.0	0.0	0.6057692307692307	0.5714285714285714
0.04340646561748973	0.3333333333333333	0.4074074074074074	0.0	0.0	1.0	0.21428571428571427
0.029459648034731375	0.2222222222222222	0.14814814814814814	0.0	0.0	0.4807692307692308	0.35714285714285715
0.044964725947747884	0.4444444444444444	0.37037037037037035	0.4	0.0	0.8461538461538461	0.0
0.0271338863477789	0.3333333333333333	0.37037037037037035	0.4	0.0	0.8653846153846154	0.6428571428571429
0.051554384060779904	0.4444444444444444	0.37037037037037035	0.4	0.0	0.8365384615384616	0.0
0.0333359175129855	0.2222222222222222	0.14814814814814814	0.0	0.0	0.4519230769230769	0.8571428571428571
0.023645243817350184	0.2222222222222222	0.2222222222222222	0.4	0.0	0.8461538461538461	0.0
0.05232963795643073	0.3333333333333333	0.3333333333333333	0.4	0.0	0.8461538461538461	0.0
0.024498023102566092	0.3333333333333333	0.3333333333333333	0.0	0.0	0.8365384615384616	0.0
0.07403674703465385	0.3333333333333333	0.3333333333333333	0.4	0.0	0.6634615384615384	0.7142857142857143
0.023645243817350184	0.3333333333333333	0.14814814814814814	0.0	0.0	0.4807692307692308	0.35714285714285715
0.028374292580820217	0.3333333333333333	0.25925925925925924	0.0	0.0	0.6442307692307693	0.7857142857142857
0.04263896426079541	0.3333333333333333	0.2962962962962963	0.2	0.0	0.2403846153846154	0.14285714285714285
0.03411117140863633	0.4444444444444444	0.4074074074074074	0.0	0.0	0.6442307692307693	0.7857142857142857
0.015501201643538258	0.3333333333333333	0.14814814814814814	0.0	0.0	0.6634615384615384	0.7142857142857143
0.026746259399953485	0.3333333333333333	0.25925925925925924	0.0	0.0	0.6057692307692307	0.5714285714285714
0.02131560586091945	0.3333333333333333	0.14814814814814814	0.0	0.0	0.5576923076923077	0.2857142857142857
0.020931855182572293	0.4444444444444444	0.37037037037037035	0.4	0.0	0.9423076923076923	0.42857142857142855
0.025350802387782	0.3333333333333333	0.2222222222222222	0.0	0.0	0.6730769230769231	1.0
0.03527405225211257	0.2222222222222222	0.14814814814814814	0.0	0.0	0.4519230769230769	0.8571428571428571
0.042173811923404914	0.3333333333333333	0.2222222222222222	0.2	0.0	0.09615384615384616	0.42857142857142855
0.030312427319947283	0.3333333333333333	0.3333333333333333	0.4	0.0	1.0	0.21428571428571427
0.03294829056516009	0.3333333333333333	0.3333333333333333	0.0	0.0	0.7596153846153846	1.0
0.03651445848515389	0.4444444444444444	0.37037037037037035	0.4	0.0	0.9423076923076923	0.42857142857142855
0.01728816187301341	0.3333333333333333	0.14814814814814814	0.0	0.0	0.5865384615384616	0.2857142857142857
0.014962400186060935	0.3333333333333333	0.2222222222222222	0.0	0.0	0.5769230769230769	0.8571428571428571
0.03372354446081092	0.3333333333333333	0.25925925925925924	0.0	0.0	0.8461538461538461	0.0
0.03411117140863633	0.2222222222222222	0.14814814814814814	0.0	0.0	0.057692307692307696	1.0
0.050775253895650824	0.4444444444444444	0.37037037037037035	0.4	0.0	0.8365384615384616	0.0
0.03256066361733468	0.3333333333333333	0.25925925925925924	0.0	0.0	0.7788461538461539	0.9285714285714286
0.06434607333901853	0.3333333333333333	0.4444444444444444	0.2	0.0	1.0	0.21428571428571427
0.05388014574773238	0.4444444444444444	0.37037037037037035	0.4	0.0	0.9423076923076923	0.42857142857142855
0.04357702147453291	0.3333333333333333	0.3333333333333333	0.4	0.0	0.7980769230769231	0.6428571428571429
0.04651523373904954	0.4444444444444444	0.37037037037037035	0.4	0.0	0.8365384615384616	0.0
0.05969454996511357	0.3333333333333333	0.37037037037037035	0.4	0.0	0.8365384615384616	0.0
0.022869989921699356	0.2222222222222222	0.14814814814814814	0.0	0.0	0.6057692307692307	0.5714285714285714
0.07442437398247927	0.4444444444444444	0.4444444444444444	0.4	0.0	0.7788461538461539	0.9285714285714286
0.01628033180866734	0.3333333333333333	0.14814814814814814	0.0	0.0	0.5961538461538461	0.21428571428571427
0.02209473602604853	0.3333333333333333	0.25925925925925924	0.0	0.0	0.5576923076923077	0.2857142857142857
0.021319482130397704	0.3333333333333333	0.37037037037037035	0.0	0.0	0.7980769230769231	0.6428571428571429
0.06705946197379642	0.3333333333333333	0.25925925925925924	0.4	0.0	0.4519230769230769	0.9285714285714286
0.01356694317388945	0.2222222222222222	0.14814814814814814	0.0	0.0	0.18269230769230768	0.07142857142857142
0.04070082952166835	0.3333333333333333	0.2962962962962963	0.0	0.0	1.0	0.21428571428571427
0.043801845104271646	0.5555555555555556	0.37037037037037035	0.0	0.0	0.5865384615384616	0.2857142857142857
0.046786572602527325	0.4444444444444444	0.37037037037037035	0.0	0.0	0.7403846153846154	0.2857142857142857
0.066671835025971	0.3333333333333333	0.48148148148148145	0.4	0.0	0.9423076923076923	0.42857142857142855
0.013179316226064035	0.2222222222222222	0.14814814814814814	0.0	0.0	0.4807692307692308	0.35714285714285715
0.02023412667648655	0.3333333333333333	0.2222222222222222	0.0	0.0	0.7980769230769231	0.6428571428571429
0.021703232808744866	0.3333333333333333	0.2962962962962963	0.0	0.0	0.5865384615384616	0.2857142857142857
0.02085432979300721	0.3333333333333333	0.14814814814814814	0.0	0.0	0.6442307692307693	0.7857142857142857
0.06783471586944724	0.5555555555555556	0.37037037037037035	0.4	0.0	0.057692307692307696	1.0
0.04186371036514459	0.4444444444444444	0.3333333333333333	0.2	0.0	0.5961538461538461	0.21428571428571427
0.016598185905884178	0.2222222222222222	0.37037037037037035	0.4	0.0	1.0	0.21428571428571427
0.03872393208775874	0.3333333333333333	0.37037037037037035	0.2	0.0	0.8461538461538461	0.0
0.04232886270253508	0.2222222222222222	0.14814814814814814	0.0	0.0	0.23076923076923078	0.7857142857142857
0.05620590743468486	0.4444444444444444	0.4074074074074074	0.0	0.0	0.7403846153846154	0.2857142857142857
0.03616559423211101	0.3333333333333333	0.14814814814814814	0.0	0.0	0.4326923076923077	0.7142857142857143
0.028878207612993256	0.3333333333333333	0.2222222222222222	0.0	0.0	0.7788461538461539	0.9285714285714286
0.05806651678424684	0.3333333333333333	0.37037037037037035	0.4	0.0	0.8365384615384616	0.0
0.04729048763470037	0.4444444444444444	0.25925925925925924	0.4	0.0	0.8653846153846154	0.6428571428571429
0.04108845646949376	0.4444444444444444	0.48148148148148145	0.4	0.0	0.7019230769230769	0.9285714285714286
0.047988216140786105	0.4444444444444444	0.25925925925925924	0.2	0.0	0.25	0.21428571428571427
0.014652298627800604	0.3333333333333333	0.14814814814814814	0.0	0.0	0.5576923076923077	0.2857142857142857
0.01992402511822622	0.4444444444444444	0.4074074074074074	0.0	0.0	0.8653846153846154	0.6428571428571429
0.020931855182572293	0.3333333333333333	0.2222222222222222	0.0	0.0	0.5480769230769231	0.0
0.018373517326924566	0.3333333333333333	0.14814814814814814	0.0	0.0	0.5192307692307693	0.35714285714285715
0.02756027599038685	0.3333333333333333	0.37037037037037035	0.4	0.0	1.0	0.21428571428571427
0.02597100550430266	0.3333333333333333	0.2962962962962963	0.0	0.0	0.18269230769230768	0.07142857142857142
0.026591208620823318	0.4444444444444444	0.37037037037037035	0.4	0.0	1.0	0.21428571428571427
0.029862780060469805	0.4444444444444444	0.14814814814814814	0.2	0.0	0.5192307692307693	0.35714285714285715
0.030176757888208387	0.2222222222222222	0.2222222222222222	0.0	0.0	0.5384615384615384	0.07142857142857142
0.02442049771300101	0.3333333333333333	0.2222222222222222	0.0	0.0	0.5192307692307693	0.35714285714285715
0.04225133731297	0.4444444444444444	0.37037037037037035	0.4	0.0	0.8653846153846154	0.6428571428571429
0.04263896426079541	0.3333333333333333	0.2222222222222222	0.2	0.0	0.25	0.21428571428571427
0.03217303666950926	0.3333333333333333	0.25925925925925924	0.0	0.0	0.7403846153846154	0.2857142857142857
0.055430653539034036	0.3333333333333333	0.37037037037037035	0.4	0.0	0.8653846153846154	0.6428571428571429
0.050391503217303665	0.4444444444444444	0.37037037037037035	0.4	0.0	0.8653846153846154	0.6428571428571429
0.015505077913016512	0.2222222222222222	0.14814814814814814	0.0	0.0	0.5961538461538461	0.21428571428571427
0.062407938599891466	0.5555555555555556	0.37037037037037035	0.0	0.0	0.5384615384615384	0.9285714285714286
0.03527405225211257	0.3333333333333333	0.14814814814814814	0.2	0.0	0.25961538461538464	0.7857142857142857
0.022354446081091557	0.3333333333333333	0.2222222222222222	0.0	0.0	0.6057692307692307	0.5714285714285714
0.04690286068687495	0.3333333333333333	0.37037037037037035	0.4	0.0	0.7788461538461539	0.9285714285714286
0.029847274982556786	0.3333333333333333	0.25925925925925924	0.0	0.0	0.8365384615384616	0.0
0.018295991937359486	0.3333333333333333	0.25925925925925924	0.0	0.0	0.9423076923076923	0.42857142857142855
0.03232808744863943	0.2222222222222222	0.14814814814814814	0.0	0.0	0.18269230769230768	0.21428571428571427
0.03372354446081092	0.2222222222222222	0.14814814814814814	0.0	0.0	0.057692307692307696	1.0
0.02209473602604853	0.3333333333333333	0.3333333333333333	0.4	0.0	0.8365384615384616	0.0
0.03651445848515389	0.4444444444444444	0.37037037037037035	0.4	0.0	0.9423076923076923	0.42857142857142855
0.02054422823474688	0.2222222222222222	0.14814814814814814	0.0	0.0	0.5769230769230769	0.8571428571428571
0.0576556322195519	0.4444444444444444	0.37037037037037035	0.4	0.0	0.8461538461538461	0.0
0.04294906581905574	0.3333333333333333	0.25925925925925924	0.0	0.0	0.7403846153846154	0.2857142857142857
0.04232886270253508	0.3333333333333333	0.37037037037037035	0.4	0.0	0.9423076923076923	0.42857142857142855
0.04806574153035119	0.3333333333333333	0.37037037037037035	0.4	0.0	1.0	0.21428571428571427
0.04651523373904954	0.3333333333333333	0.37037037037037035	0.4	0.0	1.0	0.21428571428571427
0.02542832777734708	0.3333333333333333	0.25925925925925924	0.4	0.0	0.7403846153846154	0.2857142857142857
0.048453368478176606	0.3333333333333333	0.25925925925925924	0.0	0.0	0.5576923076923077	0.2857142857142857
0.03790991549732537	0.3333333333333333	0.5185185185185185	0.4	0.0	1.0	0.21428571428571427
0.03085510504690286	0.3333333333333333	0.37037037037037035	0.4	0.0	1.0	0.21428571428571427
0.01744321265214358	0.3333333333333333	0.25925925925925924	0.0	0.0	0.7596153846153846	1.0
0.036824560043414216	0.2222222222222222	0.25925925925925924	0.0	0.0	0.7980769230769231	0.6428571428571429
0.019613923559965888	0.3333333333333333	0.25925925925925924	0.0	0.0	0.5961538461538461	0.21428571428571427
0.03721218699123963	0.4444444444444444	0.25925925925925924	0.0	0.0	0.09615384615384616	0.42857142857142855
0.020776804403442126	0.2222222222222222	0.14814814814814814	0.0	0.0	0.41346153846153844	0.14285714285714285
0.0386851693929762	0.2222222222222222	0.14814814814814814	0.0	0.0	0.25	0.21428571428571427
0.023791611752849058	0.2222222222222222	0.2222222222222222	0.4	0.0	0.7788461538461539	0.9285714285714286
0.06744708892162184	0.4444444444444444	0.37037037037037035	0.4	0.0	0.9423076923076923	0.42857142857142855
0.024032870765175594	0.3333333333333333	0.37037037037037035	0.0	0.0	0.8653846153846154	0.6428571428571429
0.023800294596480347	0.4444444444444444	0.14814814814814814	0.2	0.0	0.4519230769230769	0.8571428571428571
0.05080044964725948	0.3333333333333333	0.25925925925925924	0.0	0.0	0.5961538461538461	0.21428571428571427
0.030389952709512367	0.4444444444444444	0.4074074074074074	0.4	0.0	0.8653846153846154	0.6428571428571429
0.04387937049383673	0.4444444444444444	0.25925925925925924	0.0	0.0	0.5192307692307693	0.35714285714285715
0.05806651678424684	0.3333333333333333	0.14814814814814814	0.2	0.0	0.25	0.21428571428571427
0.045584929064268545	0.4444444444444444	0.2962962962962963	0.0	0.0	0.4807692307692308	0.35714285714285715
0.04085588030079851	0.2222222222222222	0.25925925925925924	0.0	0.0	0.20192307692307693	0.0
0.020350414760834174	0.3333333333333333	0.2222222222222222	0.0	0.0	0.5961538461538461	0.21428571428571427
0.04342972323435925	0.3333333333333333	0.37037037037037035	0.4	0.0	1.0	0.21428571428571427
0.03372354446081092	0.3333333333333333	0.37037037037037035	0.8	0.0	1.0	0.21428571428571427
0.029537173424296456	0.3333333333333333	0.2222222222222222	0.0	0.0	0.5192307692307693	0.35714285714285715
0.04426699744166215	0.3333333333333333	0.37037037037037035	0.4	0.0	0.8461538461538461	0.0
0.02992480037212187	0.3333333333333333	0.2222222222222222	0.4	0.0	1.0	0.21428571428571427
0.02597100550430266	0.4444444444444444	0.3333333333333333	0.0	0.0	0.6057692307692307	0.5714285714285714
0.057368788278161095	0.4444444444444444	0.4074074074074074	0.4	0.0	0.7596153846153846	1.0
0.036049306147763395	0.4444444444444444	0.25925925925925924	0.0	0.0	0.5288461538461539	0.35714285714285715
0.06085743080858981	0.3333333333333333	0.5185185185185185	0.4	0.0	1.0	0.21428571428571427
0.04108845646949376	0.3333333333333333	0.25925925925925924	0.0	0.0	0.25961538461538464	0.7857142857142857
0.008527792852159082	0.2222222222222222	0.14814814814814814	0.0	0.0	0.25961538461538464	0.7857142857142857
0.024575548492131172	0.3333333333333333	0.14814814814814814	0.0	0.0	0.5	0.5714285714285714
0.03606868749515466	0.5555555555555556	0.2962962962962963	0.2	0.0	0.5480769230769231	0.0
0.046437708349484456	0.5555555555555556	0.4074074074074074	0.0	0.0	0.6442307692307693	0.7857142857142857
0.04225133731297	0.3333333333333333	0.14814814814814814	0.2	0.0	0.08653846153846154	0.2857142857142857
0.023257229242576945	0.3333333333333333	0.37037037037037035	0.4	0.0	0.8461538461538461	0.0
0.04116598185905884	0.3333333333333333	0.37037037037037035	0.4	0.0	0.8461538461538461	0.0
0.05194201100860532	0.3333333333333333	0.37037037037037035	0.0	0.0	0.5384615384615384	0.07142857142857142
0.022792464532134273	0.4444444444444444	0.37037037037037035	0.0	0.0	0.8653846153846154	0.6428571428571429
0.04349174354601132	0.3333333333333333	0.3333333333333333	0.4	0.0	1.0	0.21428571428571427
0.01728816187301341	0.2222222222222222	0.14814814814814814	0.0	0.0	0.5480769230769231	0.0
0.03875881851306303	0.3333333333333333	0.14814814814814814	0.2	0.0	0.25	0.21428571428571427
0.035196526862547484	0.4444444444444444	0.3333333333333333	0.4	0.0	0.7596153846153846	1.0
0.01942786262500969	0.4444444444444444	0.37037037037037035	0.0	0.0	0.7788461538461539	0.9285714285714286
0.01666795875649275	0.2222222222222222	0.14814814814814814	0.0	0.0	0.41346153846153844	0.14285714285714285
0.06588882859136368	0.2222222222222222	0.2962962962962963	0.4	0.0	0.8653846153846154	0.6428571428571429
0.036824560043414216	0.3333333333333333	0.3333333333333333	0.0	0.0	0.7788461538461539	0.9285714285714286
0.05891929606946275	0.4444444444444444	0.37037037037037035	0.0	0.0	0.5576923076923077	0.2857142857142857
0.010000775253895651	0.2222222222222222	0.14814814814814814	0.0	0.0	0.4807692307692308	0.35714285714285715
0.04170865958601442	0.3333333333333333	0.14814814814814814	0.0	0.0	0.057692307692307696	1.0
0.04109620900845027	0.3333333333333333	0.14814814814814814	0.2	0.0	0.25	0.21428571428571427
0.03081634235212032	0.3333333333333333	0.2962962962962963	0.0	0.0	0.6923076923076923	0.14285714285714285
0.025583378556477247	0.3333333333333333	0.25925925925925924	0.0	0.0	0.4807692307692308	0.35714285714285715
0.050585316691216374	0.4444444444444444	0.37037037037037035	0.4	0.0	0.8653846153846154	0.6428571428571429
0.028763857663384757	0.3333333333333333	0.2962962962962963	0.0	0.0	0.7403846153846154	0.2857142857142857
0.027405225211256688	0.4444444444444444	0.3333333333333333	0.4	0.0	0.8365384615384616	0.0
0.06395844639119312	0.4444444444444444	0.2222222222222222	0.2	0.0	0.18269230769230768	0.07142857142857142
0.02054422823474688	0.3333333333333333	0.14814814814814814	0.0	0.0	0.6634615384615384	0.7142857142857143
0.022869989921699356	0.3333333333333333	0.25925925925925924	0.0	0.0	0.5769230769230769	0.8571428571428571
0.03240561283820451	0.4444444444444444	0.4444444444444444	0.0	0.0	0.5769230769230769	0.8571428571428571
0.04108845646949376	0.4444444444444444	0.37037037037037035	0.4	0.0	0.8461538461538461	0.0
0.06143887123032793	0.4444444444444444	0.37037037037037035	0.4	0.0	1.0	0.21428571428571427
0.02397178075819831	0.3333333333333333	0.25925925925925924	0.0	0.0	0.7596153846153846	1.0
0.04387937049383673	0.4444444444444444	0.3333333333333333	0.4	0.0	0.8365384615384616	0.0
0.06682688580510117	0.4444444444444444	0.37037037037037035	0.4	0.0	0.8653846153846154	0.6428571428571429
0.040623304132103265	0.2222222222222222	0.14814814814814814	0.2	0.0	0.09615384615384616	0.42857142857142855
0.036436933095588805	0.3333333333333333	0.2222222222222222	0.0	0.0	0.5576923076923077	0.2857142857142857
0.01356694317388945	0.3333333333333333	0.2222222222222222	0.0	0.0	0.7019230769230769	0.9285714285714286
0.018993720443445227	0.2222222222222222	0.14814814814814814	0.0	0.0	0.41346153846153844	0.14285714285714285
0.03527405225211257	0.2222222222222222	0.2222222222222222	0.2	0.0	0.6730769230769231	1.0
0.02635863245212807	0.3333333333333333	0.37037037037037035	0.8	0.0	1.0	0.21428571428571427
0.02597100550430266	0.3333333333333333	0.2222222222222222	0.0	0.0	0.5480769230769231	0.0
0.025195751608651833	0.4444444444444444	0.37037037037037035	0.4	0.0	0.8365384615384616	0.0
0.03872393208775874	0.3333333333333333	0.37037037037037035	0.4	0.0	0.9423076923076923	0.42857142857142855
0.01938134739127064	0.2222222222222222	0.2222222222222222	0.4	0.0	0.7980769230769231	0.6428571428571429
0.01938134739127064	0.4444444444444444	0.37037037037037035	0.4	0.0	0.9423076923076923	0.42857142857142855
0.020156601286921465	0.3333333333333333	0.25925925925925924	0.0	0.0	0.5576923076923077	0.2857142857142857
0.04775563997209086	0.4444444444444444	0.37037037037037035	0.4	0.0	0.7980769230769231	0.6428571428571429
0.024808124660826422	0.3333333333333333	0.14814814814814814	0.2	0.0	0.25961538461538464	0.7857142857142857
0.017826963330490737	0.3333333333333333	0.2962962962962963	0.0	0.0	0.7980769230769231	0.6428571428571429
0.019768974339096055	0.3333333333333333	0.25925925925925924	0.0	0.0	0.8365384615384616	0.0
0.03713466160167455	0.2222222222222222	0.3333333333333333	0.4	0.0	1.0	0.21428571428571427
0.039227847119931776	0.3333333333333333	0.25925925925925924	0.0	0.0	0.5865384615384616	0.2857142857142857
0.01938134739127064	0.3333333333333333	0.25925925925925924	0.0	0.0	0.9423076923076923	0.42857142857142855
0.0627180401581518	0.3333333333333333	0.37037037037037035	0.4	0.0	0.8461538461538461	0.0
0.024032870765175594	0.4444444444444444	0.2962962962962963	0.2	0.0	0.5384615384615384	0.07142857142857142
0.055818280486859446	0.4444444444444444	0.37037037037037035	0.4	0.0	0.8461538461538461	0.0
0.05969454996511357	0.3333333333333333	0.3333333333333333	0.4	0.0	0.8653846153846154	0.6428571428571429
0.036824560043414216	0.3333333333333333	0.25925925925925924	0.0	0.0	0.7403846153846154	0.2857142857142857
0.01967431583843709	0.4444444444444444	0.2962962962962963	0.2	0.0	0.4519230769230769	0.8571428571428571
0.03217303666950926	0.3333333333333333	0.25925925925925924	0.0	0.0	0.5	1.0
0.050391503217303665	0.5555555555555556	0.25925925925925924	0.2	0.0	0.25	0.21428571428571427
0.026635087991317155	0.2222222222222222	0.14814814814814814	0.0	0.0	0.5192307692307693	0.35714285714285715
0.02054422823474688	0.4444444444444444	0.2222222222222222	0.0	0.0	0.6057692307692307	0.5714285714285714
0.01783083959996899	0.2222222222222222	0.14814814814814814	0.0	0.0	0.5576923076923077	0.2857142857142857
0.03527405225211257	0.3333333333333333	0.25925925925925924	0.0	0.0	0.7788461538461539	0.9285714285714286
0.03178540972168385	0.4444444444444444	0.2962962962962963	0.0	0.0	0.5865384615384616	0.2857142857142857
0.013954570121714862	0.3333333333333333	0.3333333333333333	0.4	0.0	0.6442307692307693	0.7857142857142857
0.0533374680207768	0.3333333333333333	0.4444444444444444	0.4	0.0	0.7980769230769231	0.6428571428571429
0.03287076517559501	0.3333333333333333	0.2962962962962963	0.0	0.0	0.6923076923076923	0.14285714285714285
0.04806574153035119	0.4444444444444444	0.37037037037037035	0.4	0.0	0.8365384615384616	0.0
0.01597023025040701	0.2222222222222222	0.2222222222222222	0.4	0.0	0.20192307692307693	0.0
0.06395844639119312	0.4444444444444444	0.5185185185185185	0.4	0.0	0.36538461538461536	0.9285714285714286
0.036049306147763395	0.3333333333333333	0.25925925925925924	0.0	0.0	0.2403846153846154	0.7857142857142857
0.04372431971470657	0.2222222222222222	0.2962962962962963	0.0	0.0	1.0	0.21428571428571427
0.02936274129777502	0.3333333333333333	0.37037037037037035	0.2	0.0	0.08653846153846154	0.7857142857142857
0.01628033180866734	0.3333333333333333	0.2962962962962963	0.0	0.0	0.7980769230769231	0.6428571428571429
0.033328164974029	0.4444444444444444	0.37037037037037035	0.4	0.0	0.8365384615384616	0.0
0.027909140243429723	0.4444444444444444	0.37037037037037035	0.4	0.0	1.0	0.21428571428571427
0.03488642530428716	0.3333333333333333	0.25925925925925924	0.0	0.0	0.5288461538461539	0.35714285714285715
0.05450034886425304	0.3333333333333333	0.2962962962962963	0.2	0.0	0.4326923076923077	0.5714285714285714
0.05124428250251958	0.4444444444444444	0.37037037037037035	0.4	0.0	0.9423076923076923	0.42857142857142855
0.044964725947747884	0.4444444444444444	0.3333333333333333	0.0	0.0	0.6634615384615384	0.7142857142857143
0.07326149313900303	0.2222222222222222	0.37037037037037035	0.4	0.0	1.0	0.21428571428571427
0.015505077913016512	0.3333333333333333	0.2222222222222222	0.0	0.0	0.5769230769230769	0.8571428571428571
0.055818280486859446	0.4444444444444444	0.37037037037037035	0.4	0.0	0.8365384615384616	0.0
0.029459648034731375	0.4444444444444444	0.3333333333333333	0.0	0.0	0.6057692307692307	0.5714285714285714
0.019226296612140478	0.4444444444444444	0.2962962962962963	0.0	0.0	0.4807692307692308	0.35714285714285715
0.03953794867819211	0.4444444444444444	0.37037037037037035	0.4	0.0	0.9423076923076923	0.42857142857142855
0.02635863245212807	0.3333333333333333	0.37037037037037035	0.4	0.0	1.0	0.21428571428571427
0.018024653073881697	0.3333333333333333	0.14814814814814814	0.0	0.0	0.5865384615384616	0.2857142857142857
0.0379835646174122	0.3333333333333333	0.3333333333333333	0.4	0.0	0.7980769230769231	0.6428571428571429
0.06589658113032018	0.2222222222222222	0.25925925925925924	0.2	0.0	0.25961538461538464	0.7857142857142857
0.07209861229552679	0.5555555555555556	0.2962962962962963	0.2	0.0	0.2403846153846154	0.14285714285714285
0.055198077370338786	0.3333333333333333	0.4074074074074074	0.4	0.0	1.0	0.21428571428571427
0.0302349019303822	0.3333333333333333	0.3333333333333333	0.0	0.0	0.7596153846153846	1.0
0.03418869679820141	0.3333333333333333	0.4074074074074074	0.0	0.0	0.7596153846153846	1.0
0.030622528878207614	0.3333333333333333	0.14814814814814814	0.0	0.0	0.2403846153846154	0.14285714285714285
0.03488642530428716	0.3333333333333333	0.2962962962962963	0.0	0.0	0.4519230769230769	0.8571428571428571
0.021707109078223118	0.3333333333333333	0.2962962962962963	0.0	0.0	0.8365384615384616	0.0
0.039654236762539735	0.4444444444444444	0.14814814814814814	0.2	0.0	0.16346153846153846	0.6428571428571429
0.016900534925187997	0.2222222222222222	0.2962962962962963	0.4	0.0	1.0	0.21428571428571427
0.02573842933560741	0.3333333333333333	0.2962962962962963	0.0	0.0	0.40384615384615385	1.0
0.021629583688658034	0.4444444444444444	0.2962962962962963	0.0	0.0	0.7596153846153846	1.0
0.07364912008682843	0.4444444444444444	0.37037037037037035	0.4	0.0	0.8461538461538461	0.0
0.07523839057291262	0.3333333333333333	0.4074074074074074	0.4	0.0	0.5769230769230769	0.8571428571428571
0.03194046050081402	0.2222222222222222	0.14814814814814814	0.0	0.0	0.2403846153846154	0.14285714285714285
0.03383983254515854	0.5555555555555556	0.4444444444444444	0.0	0.0	0.7403846153846154	0.2857142857142857
0.02557950228699899	0.3333333333333333	0.37037037037037035	0.4	0.0	0.7980769230769231	0.6428571428571429
0.031010155826033024	0.4444444444444444	0.25925925925925924	0.4	0.0	0.6923076923076923	0.14285714285714285
0.05283355298860377	0.5555555555555556	0.4074074074074074	0.0	0.0	0.6153846153846154	0.0
0.03294829056516009	0.3333333333333333	0.3333333333333333	0.0	0.0	0.6442307692307693	0.7857142857142857
0.06736956353205675	0.4444444444444444	0.4444444444444444	0.4	0.0	0.8461538461538461	0.0
0.0302349019303822	0.3333333333333333	0.14814814814814814	0.2	0.0	0.09615384615384616	0.42857142857142855
0.02752151329560431	0.2222222222222222	0.14814814814814814	0.0	0.0	0.41346153846153844	0.14285714285714285
0.06202031165206605	0.4444444444444444	0.4074074074074074	0.4	0.0	1.0	0.21428571428571427
0.027901387704473216	0.5555555555555556	0.3333333333333333	0.0	0.0	0.7019230769230769	0.9285714285714286
0.03240561283820451	0.4444444444444444	0.2222222222222222	0.0	0.0	0.5384615384615384	0.07142857142857142
0.06776881928831692	0.4444444444444444	0.5185185185185185	0.4	0.0	0.8365384615384616	0.0
0.04225133731297	0.4444444444444444	0.37037037037037035	0.4	0.0	0.8653846153846154	0.6428571428571429
0.03876269478254128	0.4444444444444444	0.37037037037037035	0.0	0.0	0.6057692307692307	0.5714285714285714
0.028994495697340878	0.4444444444444444	0.37037037037037035	0.4	0.0	1.0	0.21428571428571427
0.03411117140863633	0.3333333333333333	0.25925925925925924	0.0	0.0	0.7980769230769231	0.6428571428571429
0.024808124660826422	0.3333333333333333	0.37037037037037035	0.4	0.0	0.9423076923076923	0.42857142857142855
0.025893480114737577	0.4444444444444444	0.2222222222222222	0.2	0.0	0.6730769230769231	1.0
0.034266222187766496	0.4444444444444444	0.37037037037037035	0.4	0.0	0.8653846153846154	0.6428571428571429
0.04263896426079541	0.3333333333333333	0.37037037037037035	0.4	0.0	0.8461538461538461	0.0
0.03480889991472207	0.4444444444444444	0.37037037037037035	0.0	0.0	0.28846153846153844	0.9285714285714286
0.0271338863477789	0.3333333333333333	0.25925925925925924	0.2	0.0	0.5480769230769231	0.0
0.03876269478254128	0.3333333333333333	0.14814814814814814	0.4	0.0	0.10576923076923077	0.35714285714285715
0.06473370028684394	0.4444444444444444	0.37037037037037035	0.4	0.0	0.9423076923076923	0.42857142857142855
0.02690131017908365	0.3333333333333333	0.14814814814814814	0.0	0.0	0.5288461538461539	0.35714285714285715
0.03430498488254904	0.3333333333333333	0.25925925925925924	0.0	0.0	0.7403846153846154	0.2857142857142857
0.018218466547794403	0.4444444444444444	0.25925925925925924	0.2	0.0	0.5961538461538461	0.21428571428571427
0.02682378478951857	0.3333333333333333	0.25925925925925924	0.0	0.0	0.4807692307692308	0.35714285714285715
0.050391503217303665	0.4444444444444444	0.37037037037037035	0.4	0.0	0.8653846153846154	0.6428571428571429
0.05620590743468486	0.4444444444444444	0.37037037037037035	0.4	0.0	0.8461538461538461	0.0
0.02907202108690596	0.4444444444444444	0.37037037037037035	0.4	0.0	0.8653846153846154	0.6428571428571429
0.019303822001705558	0.3333333333333333	0.14814814814814814	0.0	0.0	0.6538461538461539	0.7142857142857143
0.030738816962555236	0.3333333333333333	0.25925925925925924	0.0	0.0	0.5288461538461539	0.35714285714285715
0.0333359175129855	0.3333333333333333	0.25925925925925924	0.0	0.0	0.7788461538461539	0.9285714285714286
0.04070082952166835	0.2222222222222222	0.14814814814814814	0.0	0.0	0.23076923076923078	0.7857142857142857
0.03217303666950926	0.4444444444444444	0.37037037037037035	0.0	0.0	0.5288461538461539	0.35714285714285715
0.04651523373904954	0.3333333333333333	0.37037037037037035	0.4	0.0	0.8365384615384616	0.0
0.025273276998216916	0.3333333333333333	0.14814814814814814	0.0	0.0	0.6634615384615384	0.7142857142857143
0.02325761686952477	0.4444444444444444	0.37037037037037035	0.4	0.0	1.0	0.21428571428571427
0.012791689278238623	0.3333333333333333	0.14814814814814814	0.0	0.0	0.41346153846153844	0.14285714285714285
0.06202031165206605	0.4444444444444444	0.4444444444444444	0.0	0.0	0.5192307692307693	0.35714285714285715
0.043414218156446235	0.4444444444444444	0.37037037037037035	0.4	0.0	0.8653846153846154	0.6428571428571429
0.034847662609504615	0.3333333333333333	0.3333333333333333	0.0	0.0	0.6923076923076923	0.14285714285714285
0.05116675711295449	0.3333333333333333	0.48148148148148145	0.8	0.0	0.8365384615384616	0.0
0.05310489185208156	0.2222222222222222	0.2222222222222222	0.0	0.0	0.41346153846153844	0.14285714285714285
0.031281494689510816	0.3333333333333333	0.14814814814814814	0.0	0.0	0.5769230769230769	0.8571428571428571
0.03139778277385844	0.3333333333333333	0.3333333333333333	0.8	0.0	1.0	0.21428571428571427
0.03217303666950926	0.3333333333333333	0.25925925925925924	0.0	0.0	0.7403846153846154	0.2857142857142857
0.0453523528955733	0.3333333333333333	0.37037037037037035	0.4	0.0	0.9423076923076923	0.42857142857142855
0.02325761686952477	0.3333333333333333	0.14814814814814814	0.0	0.0	0.5192307692307693	0.35714285714285715
0.0244127451740445	0.4444444444444444	0.25925925925925924	0.0	0.0	0.5576923076923077	0.2857142857142857
0.02519187533917358	0.3333333333333333	0.2222222222222222	0.0	0.0	0.5288461538461539	0.35714285714285715
0.05822156756337701	0.4444444444444444	0.48148148148148145	0.4	0.0	1.0	0.21428571428571427
0.020001550507791302	0.3333333333333333	0.14814814814814814	0.0	0.0	0.6634615384615384	0.7142857142857143
0.026087293588650282	0.3333333333333333	0.14814814814814814	0.0	0.0	0.6057692307692307	0.5714285714285714
0.03294829056516009	0.3333333333333333	0.37037037037037035	0.4	0.0	0.8653846153846154	0.6428571428571429
0.03891774556167145	0.3333333333333333	0.2962962962962963	0.0	0.0	0.5288461538461539	0.9285714285714286
0.015039925575626018	0.3333333333333333	0.14814814814814814	0.0	0.0	0.7980769230769231	0.6428571428571429
0.022404837584308862	0.3333333333333333	0.37037037037037035	0.4	0.0	0.8461538461538461	0.0
0.05232963795643073	0.3333333333333333	0.5185185185185185	0.0	0.0	1.0	0.21428571428571427
0.02810295371734243	0.4444444444444444	0.25925925925925924	0.0	0.0	0.5769230769230769	0.8571428571428571
0.027909140243429723	0.3333333333333333	0.25925925925925924	0.0	0.0	0.5480769230769231	0.0
0.0271338863477789	0.4444444444444444	0.4444444444444444	0.4	0.0	1.0	0.21428571428571427
0.06589658113032018	0.4444444444444444	0.4444444444444444	0.0	0.0	0.5576923076923077	0.2857142857142857
0.01628033180866734	0.2222222222222222	0.14814814814814814	0.0	0.0	0.5384615384615384	0.07142857142857142
0.022869989921699356	0.2222222222222222	0.14814814814814814	0.0	0.0	0.4807692307692308	0.35714285714285715
0.027288937126909062	0.4444444444444444	0.14814814814814814	0.0	0.0	0.2403846153846154	0.14285714285714285
0.06202031165206605	0.2222222222222222	0.14814814814814814	0.0	0.0	0.5288461538461539	0.35714285714285715
0.07016047755639972	0.5555555555555556	0.5185185185185185	0.0	0.0	0.6730769230769231	1.0
0.015892704860841926	0.3333333333333333	0.14814814814814814	0.0	0.0	0.5576923076923077	0.2857142857142857
0.044577098999922474	0.3333333333333333	0.3333333333333333	0.2	0.0	0.23076923076923078	0.7857142857142857
0.03488642530428716	0.3333333333333333	0.2222222222222222	0.0	0.0	0.5192307692307693	0.35714285714285715
0.0542677726955578	0.4444444444444444	0.37037037037037035	0.4	0.0	1.0	0.21428571428571427
0.01806341576866424	0.3333333333333333	0.14814814814814814	0.2	0.0	0.5288461538461539	0.35714285714285715
0.019303822001705558	0.4444444444444444	0.3333333333333333	0.4	0.0	0.8653846153846154	0.6428571428571429
0.024032870765175594	0.2222222222222222	0.14814814814814814	0.0	0.0	0.4807692307692308	0.5
0.03736723777036979	0.3333333333333333	0.37037037037037035	0.4	0.0	0.9423076923076923	0.42857142857142855
0.04108845646949376	0.5555555555555556	0.3333333333333333	0.0	0.0	0.5961538461538461	0.21428571428571427
0.020931855182572293	0.2222222222222222	0.14814814814814814	0.0	0.0	0.5961538461538461	0.21428571428571427
0.03488642530428716	0.4444444444444444	0.4074074074074074	0.0	0.0	0.5	0.8571428571428571
0.020156601286921465	0.3333333333333333	0.2222222222222222	0.0	0.0	0.5192307692307693	0.35714285714285715
0.023249864330568262	0.3333333333333333	0.14814814814814814	0.0	0.0	0.7596153846153846	1.0
0.0453523528955733	0.4444444444444444	0.4074074074074074	0.0	0.0	0.7019230769230769	0.9285714285714286
0.029692224203426622	0.3333333333333333	0.25925925925925924	0.0	0.0	0.7403846153846154	0.2857142857142857
0.04368555701992403	0.4444444444444444	0.25925925925925924	0.0	0.0	0.6153846153846154	0.0
0.03566167919993798	0.3333333333333333	0.37037037037037035	0.0	0.0	0.6634615384615384	0.7142857142857143
0.03217303666950926	0.3333333333333333	0.14814814814814814	0.0	0.0	0.5480769230769231	0.0
0.07054810450422513	0.4444444444444444	0.5185185185185185	0.4	0.0	0.8365384615384616	0.0
0.03411117140863633	0.4444444444444444	0.2222222222222222	0.4	0.0	0.4519230769230769	0.8571428571428571
0.059899992247461044	0.4444444444444444	0.37037037037037035	0.0	0.0	0.5288461538461539	1.0
0.02325761686952477	0.3333333333333333	0.3333333333333333	0.0	0.0	0.6442307692307693	0.7857142857142857
0.03372354446081092	0.4444444444444444	0.4074074074074074	0.0	0.0	0.5961538461538461	0.21428571428571427
0.04108845646949376	0.3333333333333333	0.2962962962962963	0.6	0.0	0.8365384615384616	0.0
0.044577098999922474	0.5555555555555556	0.4444444444444444	0.0	0.0	0.5769230769230769	0.8571428571428571
0.058531669121637334	0.4444444444444444	0.4074074074074074	0.2	0.0	0.11538461538461539	0.0
0.043026591208620825	0.5555555555555556	0.4444444444444444	0.4	0.0	1.0	0.21428571428571427
0.03488642530428716	0.3333333333333333	0.2222222222222222	0.0	0.0	0.5	0.5714285714285714
0.03837506783471587	0.3333333333333333	0.25925925925925924	0.0	0.0	0.7980769230769231	0.6428571428571429
0.02169935653926661	0.3333333333333333	0.25925925925925924	0.0	0.0	0.8461538461538461	0.0
0.05504302659120862	0.3333333333333333	0.48148148148148145	0.6	0.0	0.8653846153846154	0.6428571428571429
0.06202031165206605	0.3333333333333333	0.25925925925925924	0.0	0.0	0.5576923076923077	0.2857142857142857
0.036869524769361964	0.3333333333333333	0.25925925925925924	0.0	0.0	0.7980769230769231	0.6428571428571429
0.04651523373904954	0.3333333333333333	0.37037037037037035	0.4	0.0	1.0	0.21428571428571427
0.01628033180866734	0.2222222222222222	0.14814814814814814	0.0	0.0	0.41346153846153844	0.14285714285714285
0.011628808434762385	0.3333333333333333	0.14814814814814814	0.0	0.0	0.5961538461538461	0.21428571428571427
0.05116675711295449	0.3333333333333333	0.14814814814814814	0.0	0.0	0.5288461538461539	0.6428571428571429
0.017055585704318164	0.3333333333333333	0.2222222222222222	0.4	0.0	0.7788461538461539	0.9285714285714286
0.06202031165206605	0.4444444444444444	0.37037037037037035	0.4	0.0	0.8653846153846154	0.6428571428571429
0.028296767191255137	0.5555555555555556	0.2962962962962963	0.2	0.0	0.23076923076923078	0.7857142857142857
0.03496395069385223	0.5555555555555556	0.4074074074074074	0.2	0.0	0.6442307692307693	0.7857142857142857
0.06411349717032327	0.4444444444444444	0.37037037037037035	0.0	0.0	0.7403846153846154	0.2857142857142857
0.018218466547794403	0.5555555555555556	0.37037037037037035	0.0	0.0	0.7596153846153846	1.0
0.051554384060779904	0.2222222222222222	0.14814814814814814	0.0	0.0	0.2403846153846154	0.14285714285714285
0.025350802387782	0.5555555555555556	0.4074074074074074	0.4	0.0	0.9423076923076923	0.42857142857142855
0.016706721451275292	0.2222222222222222	0.25925925925925924	0.0	0.0	0.6923076923076923	0.14285714285714285
0.020117838592138927	0.3333333333333333	0.25925925925925924	0.0	0.0	0.5480769230769231	0.0
0.01648965036049306	0.2222222222222222	0.14814814814814814	0.0	0.0	0.25	0.21428571428571427
0.020156601286921465	0.2222222222222222	0.14814814814814814	0.0	0.0	0.21153846153846154	0.5714285714285714
0.018218466547794403	0.3333333333333333	0.25925925925925924	0.0	0.0	0.9423076923076923	0.42857142857142855
0.05620590743468486	0.3333333333333333	0.37037037037037035	0.2	0.0	0.8653846153846154	0.6428571428571429
0.051554384060779904	0.3333333333333333	0.37037037037037035	0.4	0.0	0.8461538461538461	0.0
0.019768974339096055	0.3333333333333333	0.37037037037037035	0.4	0.0	0.9423076923076923	0.42857142857142855
0.02325761686952477	0.3333333333333333	0.2222222222222222	0.0	0.0	0.5384615384615384	0.07142857142857142
0.03876269478254128	0.4444444444444444	0.14814814814814814	0.2	0.0	0.057692307692307696	1.0
0.04058144042173812	0.5555555555555556	0.25925925925925924	0.2	0.0	0.057692307692307696	1.0
0.026513683231258238	0.3333333333333333	0.25925925925925924	0.0	0.0	0.7788461538461539	0.9285714285714286
0.05570199240251182	0.3333333333333333	0.2222222222222222	0.0	0.0	0.5	0.5714285714285714
0.018218466547794403	0.3333333333333333	0.25925925925925924	0.0	0.0	0.5769230769230769	0.8571428571428571
0.01814094115822932	0.4444444444444444	0.14814814814814814	0.0	0.0	0.5288461538461539	0.9285714285714286
0.01814094115822932	0.3333333333333333	0.14814814814814814	0.0	0.0	0.7980769230769231	0.6428571428571429
0.036824560043414216	0.3333333333333333	0.37037037037037035	0.0	0.0	0.9423076923076923	0.42857142857142855
0.02325761686952477	0.2222222222222222	0.14814814814814814	0.0	0.0	0.4519230769230769	0.8571428571428571
0.03813861539654237	0.3333333333333333	0.3333333333333333	0.0	0.0	0.5576923076923077	0.2857142857142857
0.043414218156446235	0.3333333333333333	0.3333333333333333	0.2	0.0	0.5288461538461539	0.9285714285714286
0.020420187611442746	0.4444444444444444	0.2962962962962963	0.0	0.0	0.5769230769230769	0.8571428571428571
0.04147608341731917	0.3333333333333333	0.14814814814814814	0.0	0.0	0.2403846153846154	0.14285714285714285
0.03456081866811381	0.4444444444444444	0.3333333333333333	0.0	0.0	0.7403846153846154	0.2857142857142857
0.02538956508256454	0.3333333333333333	0.3333333333333333	0.4	0.0	0.8653846153846154	0.6428571428571429
0.03418869679820141	0.2222222222222222	0.2222222222222222	0.0	0.0	0.18269230769230768	0.07142857142857142
0.018838669664315064	0.2222222222222222	0.2222222222222222	0.4	0.0	0.8653846153846154	0.6428571428571429
0.031630358942553685	0.5555555555555556	0.48148148148148145	0.2	0.0	0.057692307692307696	1.0
0.03721218699123963	0.4444444444444444	0.4444444444444444	0.4	0.0	0.7788461538461539	0.9285714285714286
0.019768974339096055	0.2222222222222222	0.14814814814814814	0.0	0.0	0.18269230769230768	0.07142857142857142
0.02054422823474688	0.2222222222222222	0.2962962962962963	0.0	0.0	0.5	0.5714285714285714
0.03876269478254128	0.4444444444444444	0.4444444444444444	0.8	0.0	0.7596153846153846	1.0
0.04418947205209706	0.3333333333333333	0.2962962962962963	0.0	0.0	0.47115384615384615	0.9285714285714286
0.04108845646949376	0.4444444444444444	0.3333333333333333	0.4	0.0	0.7788461538461539	0.9285714285714286
0.05930692301728816	0.5555555555555556	0.4444444444444444	0.0	0.0	0.6153846153846154	0.0
0.038192883169237926	0.4444444444444444	0.25925925925925924	0.0	0.0	0.6442307692307693	0.7857142857142857
0.050391503217303665	0.4444444444444444	0.37037037037037035	0.4	0.0	1.0	0.21428571428571427
0.027095123652996357	0.3333333333333333	0.2962962962962963	0.0	0.0	0.6057692307692307	0.5714285714285714
0.03876269478254128	0.2222222222222222	0.14814814814814814	0.0	0.0	0.25	0.21428571428571427
0.021311729591441196	0.4444444444444444	0.37037037037037035	0.4	0.0	0.8365384615384616	0.0
0.053608806884254595	0.4444444444444444	0.37037037037037035	0.4	0.0	0.5961538461538461	0.14285714285714285
0.023800294596480347	0.3333333333333333	0.14814814814814814	0.2	0.0	0.25961538461538464	0.7857142857142857
0.04775563997209086	0.4444444444444444	0.25925925925925924	0.0	0.0	0.5480769230769231	0.0
0.0393441352042794	0.3333333333333333	0.25925925925925924	0.0	0.0	0.7403846153846154	0.2857142857142857
0.05388014574773238	0.3333333333333333	0.37037037037037035	0.4	0.0	0.9423076923076923	0.42857142857142855
0.026746259399953485	0.2222222222222222	0.14814814814814814	0.0	0.0	0.5288461538461539	0.35714285714285715
0.03488642530428716	0.3333333333333333	0.25925925925925924	0.0	0.0	0.6057692307692307	0.5714285714285714
0.05736103573920459	0.5555555555555556	0.37037037037037035	0.4	0.0	1.0	0.21428571428571427
0.04651523373904954	0.2222222222222222	0.37037037037037035	0.4	0.0	0.8653846153846154	0.6428571428571429
0.028684394139080548	0.2222222222222222	0.14814814814814814	0.0	0.0	0.5	0.5714285714285714
0.03294829056516009	0.3333333333333333	0.2222222222222222	0.0	0.0	0.6153846153846154	0.0
0.05116675711295449	0.3333333333333333	0.2962962962962963	0.0	0.0	0.7980769230769231	0.6428571428571429
0.02325761686952477	0.3333333333333333	0.4074074074074074	0.0	0.0	0.8365384615384616	0.0
0.04651523373904954	0.5555555555555556	0.3333333333333333	0.0	0.0	0.5769230769230769	0.8571428571428571
0.015892704860841926	0.3333333333333333	0.25925925925925924	0.0	0.0	0.7788461538461539	0.9285714285714286
0.027715326769517018	0.3333333333333333	0.5185185185185185	0.4	0.0	1.0	0.21428571428571427
0.013489417784324366	0.2222222222222222	0.14814814814814814	0.0	0.0	0.7596153846153846	1.0
0.030389952709512367	0.5555555555555556	0.3333333333333333	0.2	0.0	0.5576923076923077	0.2857142857142857
0.04504225133731297	0.4444444444444444	0.14814814814814814	0.2	0.0	0.20192307692307693	0.0
0.0369020854329793	0.4444444444444444	0.4444444444444444	0.0	0.0	0.4326923076923077	0.9285714285714286
0.019768974339096055	0.4444444444444444	0.2962962962962963	0.0	0.0	0.5769230769230769	0.8571428571428571
0.0351190014729824	0.3333333333333333	0.2962962962962963	0.0	0.0	0.7980769230769231	0.6428571428571429
0.0693852236607489	0.4444444444444444	0.3333333333333333	0.0	0.0	0.4519230769230769	0.8571428571428571
0.04147608341731917	0.3333333333333333	0.25925925925925924	0.0	0.0	0.7980769230769231	0.6428571428571429
0.05349251879990697	0.3333333333333333	0.2222222222222222	0.4	0.0	0.21153846153846154	0.5714285714285714
0.03729087526164819	0.3333333333333333	0.3333333333333333	0.4	0.0	0.8365384615384616	0.0
0.04263896426079541	0.4444444444444444	0.4074074074074074	0.0	0.0	0.8365384615384616	0.0
0.030583766183425072	0.4444444444444444	0.37037037037037035	0.4	0.0	1.0	0.21428571428571427
0.02325761686952477	0.2222222222222222	0.14814814814814814	0.0	0.0	0.4519230769230769	0.8571428571428571
0.03721218699123963	0.5555555555555556	0.37037037037037035	0.4	0.0	0.9423076923076923	0.42857142857142855
0.020311652066051632	0.5555555555555556	0.14814814814814814	0.0	0.0	0.5961538461538461	0.21428571428571427
0.02752151329560431	0.3333333333333333	0.25925925925925924	0.2	0.0	0.5192307692307693	0.35714285714285715
0.023645243817350184	0.3333333333333333	0.14814814814814814	0.0	0.0	0.5961538461538461	0.21428571428571427
0.022482362973873942	0.3333333333333333	0.14814814814814814	0.0	0.0	0.6442307692307693	0.7857142857142857
0.024226684239088303	0.3333333333333333	0.25925925925925924	0.0	0.0	0.4807692307692308	0.5714285714285714
0.044577098999922474	0.3333333333333333	0.25925925925925924	0.0	0.0	0.5288461538461539	0.35714285714285715
0.018606093495619817	0.3333333333333333	0.25925925925925924	0.0	0.0	0.5769230769230769	0.8571428571428571
0.0302349019303822	0.4444444444444444	0.2962962962962963	0.0	0.0	1.0	0.21428571428571427
0.04729048763470037	0.3333333333333333	0.2962962962962963	0.0	0.0	0.5288461538461539	0.35714285714285715
0.030622528878207614	0.4444444444444444	0.4074074074074074	0.2	0.0	0.6057692307692307	0.5714285714285714
0.0333359175129855	0.3333333333333333	0.2222222222222222	0.0	0.0	0.5576923076923077	0.2857142857142857
0.04907357159469726	0.4444444444444444	0.37037037037037035	0.0	0.0	0.7403846153846154	0.2857142857142857
0.04690286068687495	0.4444444444444444	0.37037037037037035	0.0	0.0	0.6730769230769231	1.0
0.028684394139080548	0.2222222222222222	0.14814814814814814	0.0	0.0	0.5384615384615384	0.07142857142857142
0.02232731219474378	0.3333333333333333	0.37037037037037035	0.4	0.0	1.0	0.21428571428571427
0.06589658113032018	0.3333333333333333	0.2962962962962963	0.4	0.0	0.5865384615384616	0.2857142857142857
0.02965346150864408	0.2222222222222222	0.14814814814814814	0.0	0.0	0.7788461538461539	0.9285714285714286
0.015504302659120861	0.3333333333333333	0.14814814814814814	0.0	0.0	0.5865384615384616	0.2857142857142857
0.06744708892162184	0.4444444444444444	0.4444444444444444	0.2	0.0	0.22115384615384615	1.0
0.06008217691293899	0.4444444444444444	0.48148148148148145	0.4	0.0	0.7788461538461539	0.9285714285714286
0.02325761686952477	0.4444444444444444	0.4444444444444444	0.0	0.0	0.5769230769230769	0.8571428571428571
0.0671369873633615	0.4444444444444444	0.48148148148148145	0.4	0.0	1.0	0.21428571428571427
0.024808124660826422	0.3333333333333333	0.25925925925925924	0.0	0.0	0.4807692307692308	0.35714285714285715
0.044577098999922474	0.4444444444444444	0.37037037037037035	0.4	0.0	0.8653846153846154	0.6428571428571429
0.018993720443445227	0.2222222222222222	0.14814814814814814	0.0	0.0	0.25	0.21428571428571427
0.01783083959996899	0.3333333333333333	0.14814814814814814	0.0	0.0	0.5192307692307693	0.35714285714285715
0.02628110706256299	0.3333333333333333	0.37037037037037035	0.4	0.0	1.0	0.21428571428571427
0.04205752383905729	0.3333333333333333	0.37037037037037035	0.4	0.0	0.8365384615384616	0.0
0.013218078920846577	0.2222222222222222	0.14814814814814814	0.0	0.0	0.7788461538461539	0.9285714285714286
0.02298433987130785	0.3333333333333333	0.37037037037037035	0.4	0.0	1.0	0.21428571428571427
0.02542832777734708	0.3333333333333333	0.2962962962962963	0.2	0.0	0.9423076923076923	0.42857142857142855
0.05930692301728816	0.4444444444444444	0.5925925925925926	0.4	0.0	1.0	0.21428571428571427
0.02573842933560741	0.3333333333333333	0.3333333333333333	0.0	0.0	0.7596153846153846	1.0
0.050003876269478255	0.4444444444444444	0.37037037037037035	0.4	0.0	0.8365384615384616	0.0
0.04201876114427475	0.3333333333333333	0.25925925925925924	0.0	0.0	0.6346153846153846	1.0
0.03721218699123963	0.2222222222222222	0.14814814814814814	0.0	0.0	0.23076923076923078	0.7857142857142857
0.02325761686952477	0.4444444444444444	0.37037037037037035	0.4	0.0	0.9423076923076923	0.42857142857142855
0.028064191022559887	0.5555555555555556	0.4444444444444444	0.4	0.0	0.9423076923076923	0.42857142857142855
0.02604853089386774	0.3333333333333333	0.3333333333333333	0.0	0.0	0.6634615384615384	0.7142857142857143
0.03178540972168385	0.4444444444444444	0.3333333333333333	0.0	0.0	0.6057692307692307	0.9285714285714286
0.028529343359950384	0.4444444444444444	0.25925925925925924	0.0	0.0	0.6153846153846154	0.0
0.03411117140863633	0.3333333333333333	0.2962962962962963	0.4	0.0	0.9423076923076923	0.42857142857142855
0.06062485463989457	0.4444444444444444	0.5185185185185185	0.4	0.0	1.0	0.21428571428571427
0.037599813939065044	0.4444444444444444	0.3333333333333333	0.0	0.0	0.7403846153846154	0.2857142857142857
0.03372354446081092	0.4444444444444444	0.4074074074074074	0.0	0.0	0.9423076923076923	0.42857142857142855
0.02325761686952477	0.3333333333333333	0.14814814814814814	0.0	0.0	0.5769230769230769	0.8571428571428571
0.044964725947747884	0.3333333333333333	0.3333333333333333	0.0	0.0	0.8365384615384616	0.0
0.029692224203426622	0.3333333333333333	0.3333333333333333	0.0	0.0	0.5865384615384616	0.2857142857142857
0.07519962787813009	0.5555555555555556	0.4074074074074074	0.4	0.0	0.25961538461538464	0.5
0.046437708349484456	0.3333333333333333	0.2962962962962963	0.0	0.0	0.8365384615384616	0.0
0.044034421272966896	0.4444444444444444	0.25925925925925924	0.0	0.0	0.5384615384615384	0.07142857142857142
0.029459648034731375	0.4444444444444444	0.37037037037037035	0.0	0.0	0.5961538461538461	0.21428571428571427
0.043801845104271646	0.3333333333333333	0.37037037037037035	0.4	0.0	0.8653846153846154	0.6428571428571429
0.024032870765175594	0.3333333333333333	0.2222222222222222	0.0	0.0	0.5	0.5714285714285714
0.022017210636483448	0.4444444444444444	0.25925925925925924	0.0	0.0	0.5769230769230769	0.8571428571428571
0.017563377005969456	0.3333333333333333	0.14814814814814814	0.0	0.0	0.41346153846153844	0.14285714285714285
0.022249786805178695	0.5555555555555556	0.2222222222222222	0.0	0.0	0.5961538461538461	0.21428571428571427
0.045197302116443135	0.3333333333333333	0.37037037037037035	0.4	0.0	0.9423076923076923	0.42857142857142855
0.023722769206915264	0.3333333333333333	0.14814814814814814	0.0	0.0	0.6634615384615384	0.7142857142857143
0.05814404217381192	0.4444444444444444	0.37037037037037035	0.4	0.0	1.0	0.21428571428571427
0.01775331421040391	0.4444444444444444	0.3333333333333333	0.0	0.0	0.7596153846153846	1.0
0.036436933095588805	0.4444444444444444	0.3333333333333333	0.4	0.0	0.7596153846153846	1.0
0.03767733932863013	0.4444444444444444	0.37037037037037035	0.4	0.0	0.8461538461538461	0.0
0.014497247848670439	0.2222222222222222	0.14814814814814814	0.0	0.0	0.5	0.5714285714285714
0.044964725947747884	0.3333333333333333	0.25925925925925924	0.0	0.0	0.08653846153846154	0.2857142857142857
0.03194046050081402	0.4444444444444444	0.5185185185185185	0.4	0.0	0.8653846153846154	0.6428571428571429
0.03915032173036669	0.2222222222222222	0.14814814814814814	0.0	0.0	0.5961538461538461	0.21428571428571427
0.06202031165206605	0.3333333333333333	0.4074074074074074	0.4	0.0	0.1346153846153846	0.0
0.022502209473602604	0.3333333333333333	0.3333333333333333	0.4	0.0	0.7980769230769231	0.6428571428571429
0.033064578649507716	0.4444444444444444	0.37037037037037035	0.4	0.0	0.9423076923076923	0.42857142857142855
0.056981161330335685	0.3333333333333333	0.37037037037037035	0.4	0.0	1.0	0.21428571428571427
0.06512132723466936	0.4444444444444444	0.5185185185185185	0.4	0.0	0.9423076923076923	0.42857142857142855
0.050972943639041784	0.3333333333333333	0.2962962962962963	0.0	0.0	0.5384615384615384	0.07142857142857142
0.04806574153035119	0.3333333333333333	0.2222222222222222	0.0	0.0	0.5192307692307693	0.35714285714285715
0.01969144894953097	0.4444444444444444	0.2962962962962963	0.0	0.0	0.5288461538461539	0.35714285714285715
0.02907202108690596	0.3333333333333333	0.25925925925925924	0.0	0.0	0.5961538461538461	0.21428571428571427
0.04407318396774944	0.4444444444444444	0.37037037037037035	0.4	0.0	0.9423076923076923	0.42857142857142855
0.027327699821691604	0.3333333333333333	0.25925925925925924	0.0	0.0	0.5961538461538461	0.21428571428571427
0.023253740600046514	0.3333333333333333	0.37037037037037035	0.4	0.0	0.8653846153846154	0.6428571428571429
0.04349174354601132	0.4444444444444444	0.37037037037037035	0.4	0.0	0.8653846153846154	0.6428571428571429
0.031010155826033024	0.3333333333333333	0.37037037037037035	0.0	0.0	0.6442307692307693	0.7857142857142857
0.036824560043414216	0.3333333333333333	0.3333333333333333	0.0	0.0	0.7788461538461539	0.9285714285714286
0.021590820993875496	0.4444444444444444	0.3333333333333333	0.4	0.0	0.8653846153846154	0.6428571428571429
0.05349251879990697	0.4444444444444444	0.37037037037037035	0.4	0.0	1.0	0.21428571428571427
0.022559888363439026	0.3333333333333333	0.25925925925925924	0.0	0.0	0.6153846153846154	0.0
0.01839118204070083	0.4444444444444444	0.37037037037037035	0.4	0.0	0.8365384615384616	0.0
0.05770311652066051	0.4444444444444444	0.37037037037037035	0.0	0.0	0.6057692307692307	0.5714285714285714
0.0340594878155671	0.3333333333333333	0.5185185185185185	0.4	0.0	0.5192307692307693	0.2857142857142857
0.0	0.4444444444444444	0.5925925925925926	0.4	0.0	0.8653846153846154	0.6428571428571429
0.021267798537328478	0.3333333333333333	0.3333333333333333	0.4	0.0	0.8461538461538461	0.0
0.049771300100783004	0.4444444444444444	0.37037037037037035	0.0	0.0	0.6153846153846154	0.0
0.04296844716644701	0.3333333333333333	0.37037037037037035	0.8	0.0	1.0	0.21428571428571427
0.02325761686952477	0.3333333333333333	0.2962962962962963	0.0	0.0	0.7019230769230769	0.9285714285714286
0.021300100783006433	0.4444444444444444	0.37037037037037035	0.4	0.0	1.0	0.21428571428571427
0.03417512985502752	0.3333333333333333	0.25925925925925924	0.0	0.0	0.5384615384615384	0.07142857142857142
0.01996278781300876	0.4444444444444444	0.25925925925925924	0.0	0.0	0.7596153846153846	1.0
0.05364756957903714	0.4444444444444444	0.48148148148148145	0.4	0.0	0.8461538461538461	0.0
0.020626921983642143	0.4444444444444444	0.14814814814814814	0.2	0.0	0.4326923076923077	0.7142857142857143
0.026532787702224978	0.4444444444444444	0.37037037037037035	0.4	0.0	0.8461538461538461	0.0
0.0	0.4444444444444444	0.4444444444444444	0.4	0.0	0.8653846153846154	0.6428571428571429
0.025444755776571827	0.4444444444444444	0.37037037037037035	0.0	0.0	0.5865384615384616	0.2857142857142857
0.0	0.4444444444444444	0.14814814814814814	0.0	0.0	0.5288461538461539	0.35714285714285715
0.02394222569431739	0.2222222222222222	0.14814814814814814	0.0	0.0	0.18269230769230768	0.07142857142857142
0.013463575987828515	0.4444444444444444	0.14814814814814814	0.2	0.0	0.5480769230769231	0.0
0.05258805592162183	0.3333333333333333	0.37037037037037035	0.0	0.0	0.25	0.21428571428571427
0.04208114970152725	0.5555555555555556	0.4074074074074074	0.0	0.0	0.7403846153846154	0.2857142857142857
0.0	0.5555555555555556	0.37037037037037035	0.4	0.0	0.9423076923076923	0.42857142857142855
0.024449081324133655	0.3333333333333333	0.37037037037037035	0.4	0.0	0.8653846153846154	0.6428571428571429
0.06300100783006435	0.4444444444444444	0.37037037037037035	0.0	0.0	0.8461538461538461	0.0
0.057228533773393285	0.3333333333333333	0.37037037037037035	0.2	0.0	0.28846153846153844	0.14285714285714285
0.012697551305217459	0.2222222222222222	0.14814814814814814	0.2	0.0	0.4519230769230769	0.8571428571428571
0.02723079308473525	0.4444444444444444	0.25925925925925924	0.0	0.0	0.4519230769230769	0.8571428571428571
0.0	0.5555555555555556	0.5555555555555556	0.4	0.0	0.9423076923076923	0.42857142857142855
0.025689329922242033	0.3333333333333333	0.37037037037037035	0.4	0.0	1.0	0.21428571428571427
0.026199375920614002	0.2222222222222222	0.14814814814814814	0.0	0.0	0.09615384615384616	0.42857142857142855
0.018844036806651678	0.3333333333333333	0.14814814814814814	0.0	0.0	0.5576923076923077	0.2857142857142857
0.025105305320800065	0.4444444444444444	0.14814814814814814	0.2	0.0	0.4519230769230769	0.8571428571428571
0.0	0.2222222222222222	0.3333333333333333	0.2	0.0	0.25	0.21428571428571427
0.02942159598937902	0.2222222222222222	0.14814814814814814	0.0	0.0	0.4807692307692308	0.35714285714285715
0.0281223350647337	0.2222222222222222	0.25925925925925924	0.2	0.0	0.057692307692307696	1.0
0.0	0.3333333333333333	0.4074074074074074	0.0	0.0	0.5480769230769231	0.0
0.02248139390650438	0.3333333333333333	0.25925925925925924	0.0	0.0	0.5384615384615384	0.07142857142857142
0.01664857740910148	0.3333333333333333	0.2222222222222222	0.0	0.0	0.6442307692307693	1.0
0.020011241181486936	0.2222222222222222	0.14814814814814814	0.0	0.0	0.23076923076923078	0.7857142857142857
0.052492407567795954	0.4444444444444444	0.37037037037037035	0.4	0.0	0.8365384615384616	0.0
0.05221155269261183	0.4444444444444444	0.37037037037037035	0.4	0.0	0.8365384615384616	0.0
0.013050107243429723	0.2222222222222222	0.14814814814814814	0.2	0.0	0.6153846153846154	0.0
0.04268603324730599	0.4444444444444444	0.2962962962962963	0.2	0.0	0.21153846153846154	0.5714285714285714
0.0	0.3333333333333333	0.14814814814814814	0.0	0.0	0.5384615384615384	0.07142857142857142
0.021921595989379022	0.4444444444444444	0.2962962962962963	0.0	0.0	0.5288461538461539	0.7142857142857143
0.04142439982424994	0.3333333333333333	0.37037037037037035	0.4	0.0	0.7980769230769231	0.6428571428571429
